timestamp,msname,rt_value,baseline_mean,baseline_std,z_score
0,MS_38464,23.410503418272217,9.116630427483372,0.9703874962783787,14.73006715936528
0,MS_2926,94.0,5.711338938369732,7.111166386232608,12.415496455343707
0,MS_2,27.761742415516803,3.5857091308831754,2.276195606840986,10.62124591224666
0,MS_28578,262.05882352941177,23.716913969528825,22.926241392856234,10.396030708904153
0,MS_42505,604550.6081081082,6387.908824987092,61309.73341140662,9.756406788939543
0,MS_55561,254.7079918032787,80.01324488619142,19.01829029988705,9.185617853258073
0,MS_48301,2042.7351351351356,95.60683950359635,214.71777493742331,9.06831442436009
0,MS_14510,3.889600487953644,1.7628081961183297,0.2538041915548472,8.37965787249701
0,MS_10654,109.97560975609755,7.293499250129088,12.417228992218911,8.269325674054398
0,MS_34433,971.0,30.993642695173307,116.34296576019511,8.079614879702808
0,MS_48289,414.05329114862695,19.97360571132083,49.89552729591289,7.898096418545847
0,MS_17409,33.82176360225141,18.86076344958483,1.928796605652536,7.756649980004027
0,MS_38466,206.3,90.21262281441301,15.036738358338804,7.720249858654311
0,MS_70769,10.000000000000002,0.16666666666666669,1.2909944487358063,7.6168672475412516
0,MS_6522,110.3956043956044,4.293145658294765,13.933548461471936,7.614891427743382
0,MS_43157,6.36458121051559,3.2292943875470512,0.4196138546514168,7.471838186975728
0,MS_12652,962.0,43.291044776119406,124.50971961596132,7.378612352975761
0,MS_34433,883.0,30.993642695173307,116.34296576019511,7.323230517098671
0,MS_71564,26.94888178913738,12.421265896154146,1.9897338351455252,7.301286049609099
0,MS_16641,24.807692307692307,8.076080702487612,2.303239626689617,7.264381617666321
0,MS_43157,6.268041237113401,3.2292943875470512,0.4196138546514168,7.24176958382537
0,MS_5201,265.0,6.500000000000001,35.84566437012067,7.211471862562936
0,MS_12652,931.0,43.291044776119406,124.50971961596132,7.129635806440947
0,UNAVAILABLE,279.92215568862275,26.341501630885695,36.19122379208707,7.0066891220512
0,MS_50577,362.6666666666667,15.427860696517413,49.84602743527255,6.966228280098257
0,MS_57045,6.5,0.3311255411255411,0.8970134717042341,6.877125766187466
0,MS_35339,221.00000000000003,16.604166666666664,29.842651012342127,6.849117836374546
0,MS_33282,9.30761084439424,5.831252881564435,0.5127225801754637,6.780192831843153
0,MS_39291,51.07142857142857,9.85656497158478,6.193519279110631,6.654514459792254
0,MS_14409,21.188679245283016,12.865078499319806,1.2583205199267935,6.6148494077228115
0,MS_66169,20.764492753623188,14.452273246572112,0.9619442336745572,6.561939129193441
0,MS_71277,84.29972321075525,24.06821215326816,9.188075550847092,6.555400064373008
0,MS_67984,9.947368421052632,3.2740505701598264,1.0712372166708737,6.2295425766029116
0,MS_70685,46.79861111111112,32.71991982169838,2.2647690568692798,6.216391577194419
0,MS_3519,33.42168674698795,7.532587920243994,4.174029631843051,6.202423343916841
0,MS_14526,209.25,35.791365034941755,28.163204186107716,6.159051854285158
0,MS_66836,58.09433962264151,20.177424373341754,6.224016954970797,6.092032769772181
0,MS_17479,3.7496563011456634,2.060166114408879,0.28162248809702306,5.999130957733497
0,MS_17479,3.7496563011456634,2.060166114408879,0.28162248809702306,5.999130957733497
0,MS_45196,255.53658536585368,33.152092052784404,37.08818700789923,5.996100409699312
0,MS_72266,954.0,80.22132653061225,146.21791428984235,5.975866074367117
0,MS_48534,45.17349397590361,23.723545484217492,3.693964618729418,5.806755263147073
0,MS_43157,5.660771704180064,3.2292943875470512,0.4196138546514168,5.794559187405523
0,MS_15958,7.332429990966576,1.425592244841298,1.0224453397798012,5.7771672639218075
0,MS_1146,41.83687390372247,30.012651154290516,2.0893448129638332,5.659296960494874
0,MS_8158,8.0,2.293975131930597,1.0146262924590925,5.623769963855393
0,MS_48534,44.34441805225653,23.723545484217492,3.693964618729418,5.5823145851169045
0,MS_23182,131.9375,58.29273490770314,13.200590956364449,5.57889910654267
0,MS_49800,0.6644623727020236,0.2924072513793345,0.06669911478217266,5.578111831585087
0,MS_19416,116.3888888888889,11.790499049639035,18.909429651223338,5.5315465230059395
0,MS_37965,89.06666666666666,14.452682655326827,13.794795799049098,5.40885019961536
0,MS_18703,12705.766990291262,790.6925553579509,2210.4423206331567,5.390357542340381
0,MS_18703,12705.766990291262,790.6925553579509,2210.4423206331567,5.390357542340381
0,MS_39291,43.15384615384615,9.85656497158478,6.193519279110631,5.376148790650532
0,MS_19396,259.0,10.775862068965518,46.20650849396721,5.3720600413563595
0,MS_61227,46.83620689655172,10.37879931447058,6.849683326571394,5.3224953394056955
0,MS_20030,54.66666666666666,23.806237689382733,5.802954032172377,5.318055046824333
0,MS_68185,186.63057324840764,45.11762119116266,26.68698555718406,5.302695268973535
0,MS_48216,46.07692307692308,32.293340463117936,2.652985647991157,5.195498371520436
0,MS_25503,46.00000000000001,1.642857142857143,8.693182879212227,5.102520385624568
0,MS_38052,491.25,31.955760368663597,91.37086890646229,5.0267032056083725
0,MS_73317,16.253205128205128,10.143512668213754,1.2226789856739542,4.996971839361126
0,MS_47324,2831.6,222.04953842453838,528.99390171066,4.933044507955006
0,MS_26449,24.711111111111112,10.35876125950308,2.909511290702211,4.932907425887353
0,MS_43157,5.288288288288288,3.2292943875470512,0.4196138546514168,4.906877782793163
0,MS_9271,46.00000000000001,1.807692307692308,9.015627458005264,4.901745097405055
0,MS_64827,4.0,0.18823529411764706,0.7791038448887594,4.8924989022825285
0,MS_64827,4.0,0.18823529411764706,0.7791038448887594,4.8924989022825285
0,MS_24279,38.13836477987421,25.046103983709145,2.6776188813432427,4.889516162060097
0,MS_49800,0.6171480378189353,0.2924072513793345,0.06669911478217266,4.868742074016214
0,MS_28238,3.721518987341773,1.0475991550934123,0.54923289703124,4.868462626149412
0,MS_71798,17.75346462436178,11.526699643127069,1.282612012295543,4.854753363872225
0,MS_19416,103.05882352941175,11.790499049639035,18.909429651223338,4.826603771937043
0,MS_68650,238.0,29.593662231559293,43.41269047768782,4.800585623126773
0,MS_69216,2.652173913043478,1.044661714234645,0.33513409456013216,4.7966238735534015
0,MS_53782,2.84641538760443,1.8392319004829254,0.21042888342205385,4.786336698377155
0,MS_23569,149.04255319148936,22.614170897226753,26.478459723367507,4.774763472464687
0,MS_48253,58.66585956416465,42.05481884791788,3.5499859384500536,4.679184933194201
0,MS_15020,229.0,11.047619047619047,46.73221711136782,4.663857065308444
0,MS_39291,38.41666666666666,9.85656497158478,6.193519279110631,4.6112880913132495
0,MS_37870,1.9796682718031036,1.5315126132066978,0.09737014060739778,4.602598453702518
0,MS_64462,35.46764909049045,26.374140824124936,1.981646636957451,4.588864682922156
0,MS_27381,4.49554518455664,2.258052133454554,0.4877318657985398,4.587547396434201
0,MS_7779,1.0,0.044444444444444446,0.2084090771399927,4.58499969707984
0,MS_27721,16.147092799383906,10.460701104038419,1.2403528425652512,4.584495234102181
0,MS_53782,2.803286706446249,1.8392319004829254,0.21042888342205385,4.5813806084297575
0,MS_15135,36.0,1.6222222222222222,7.60767820539011,4.518826486827585
0,MS_49840,5.471593336181119,2.3431388461940785,0.6966972239937472,4.490407571962879
0,MS_70099,282.7058823529412,104.23111381967263,40.16752529120228,4.443260251643114
0,MS_10336,23.475836431226764,12.632734095696586,2.4553851462349336,4.4160494951909675
0,MS_15849,22.0,12.021472699623834,2.2695738626731523,4.396652369191124
0,MS_1917,2.4180975011497776,0.9816308468585269,0.32771998791041673,4.383213436111542
0,MS_10336,23.38468809073724,12.632734095696586,2.4553851462349336,4.378927685348104
0,MS_14526,159.0,35.791365034941755,28.163204186107716,4.374808851680106
0,MS_14526,159.0,35.791365034941755,28.163204186107716,4.374808851680106
0,MS_49800,0.5839800078916217,0.2924072513793345,0.06669911478217266,4.371463661317119
0,MS_71135,27.991922455573505,22.34914041245192,1.2910879081013547,4.370563776265038
0,MS_42473,257.00000000000006,13.62857142857143,56.34666111214928,4.319181008561192
0,MS_26449,22.907692307692304,10.35876125950308,2.909511290702211,4.31307178229253
0,MS_72289,17.782608695652176,5.387703590538328,2.882533617807035,4.30000365946941
0,MS_29762,15.0,1.406015037593985,3.18028394478687,4.2744563688060975
0,MS_22891,51.76923076923077,24.334194584191653,6.444657301623253,4.257020179820716
0,MS_37965,73.06666666666666,14.452682655326827,13.794795799049098,4.248992508854696
0,MS_25159,199.8,16.624166666666667,43.221550314047136,4.238067167937764
0,MS_70049,8.36490189630604,5.943567071053954,0.575660887823966,4.206182626728183
0,MS_47593,13.333333333333334,2.500853174603175,2.5787001828450604,4.2007520807551835
0,MS_4943,42.0,2.6,9.407443861113391,4.188172747207542
0,MS_40233,2.0,0.10526315789473684,0.4525885718428285,4.186444289546164
0,MS_40233,2.0,0.10526315789473684,0.4525885718428285,4.186444289546164
0,MS_57387,245.975,194.01237341690174,12.432766049238058,4.179490418890556
0,MS_30117,39.0,3.2848790098790097,8.568388540241044,4.168242467342204
0,MS_13085,88.76086956521739,34.79297365945284,12.9545943915845,4.165927104658939
0,MS_15020,205.0,11.047619047619047,46.73221711136782,4.150292730391368
0,MS_21437,56.00000000000001,3.45,12.705054940952897,4.136148977255716
0,MS_70596,69.0550847457627,43.62817400725236,6.186599405151532,4.109997928318674
0,MS_38099,19.39897816999536,11.757707288828298,1.8635938354236452,4.1002876999912345
0,MS_12886,642.0,77.704,137.68462818597317,4.098467689783024
0,MS_65153,9.128964059196615,4.278570792246529,1.188246164680894,4.081976791612595
0,MS_61322,4.896272285251216,3.738385810568241,0.28407641450333687,4.075968350654377
0,MS_65803,58.6567901234568,46.13815995483062,3.0722115167682307,4.074794362399558
0,MS_4421,1.0,0.07575757575757575,0.22844813894744728,4.045742847811245
0,MS_37994,7.000000000000001,0.38888888888888895,1.649915822768611,4.006938426723769
0,MS_15122,6.111111111111111,2.9986524064664892,0.778006824427149,4.0005545027658895
0,MS_40307,6.155440414507773,3.769689427496722,0.5996257255167831,3.978733542419162
0,MS_39956,34.81884057971015,26.09797854943037,2.1949438833193096,3.9731594491115794
0,MS_42327,32.710652263093124,24.586247520680814,2.0481370639717706,3.9667290267465654
0,MS_24070,84.97142857142858,33.33346770554619,13.024777947587454,3.964594335018752
0,MS_55023,84.45066882125863,46.83401960463304,9.580621889116012,3.9263264589702347
0,MS_53782,2.6642178469977478,1.8392319004829254,0.21042888342205385,3.9204976669488913
0,MS_49800,0.5538260300850228,0.2924072513793345,0.06669911478217266,3.9193740360638243
0,MS_31924,20.0,7.734921461435035,3.1342634041489656,3.9132252006417607
0,MS_59433,19.258875892764724,13.746877052691207,1.4129795029177743,3.900975795254885
0,MS_797,19.73717948717949,6.724732861728846,3.341804657839563,3.89383819755133
0,MS_14761,34.327586206896555,17.224389045028946,4.3939308764193115,3.8924593132892644
0,MS_35346,44.43280182232346,30.32002650731592,3.637900751127989,3.8793733750519865
0,MS_39291,33.8421052631579,9.85656497158478,6.193519279110631,3.872683560132126
0,MS_54791,115.0,7.666666666666667,27.73188546176346,3.8703943690133804
0,MS_25918,77.84615384615385,11.657619871434012,17.117874963916837,3.866632634847502
0,MS_14526,144.64285714285714,35.791365034941755,28.163204186107716,3.865025136650091
0,MS_39706,208.9417798724702,122.43763849393675,22.390003360722137,3.863516230206741
0,MS_66169,18.148936170212767,14.452273246572112,0.9619442336745572,3.8429077219161356
0,MS_68948,41.32590051457976,34.03732767187571,1.8971642391711419,3.8418249154266038
0,MS_24846,34.4935860616504,21.539723673133402,3.374857038482101,3.8383440367427277
0,MS_50856,10.000000000000002,3.904060935116172,1.5945652539578696,3.8229473831523055
0,MS_49800,0.5470006591957811,0.2924072513793345,0.06669911478217266,3.8170432793284137
0,MS_47279,9.208659332901936,6.987603926588536,0.5825495206703588,3.8126465261829745
0,MS_49353,35.132530120481924,12.505028242582704,5.936047982935215,3.8118798808480205
0,MS_25291,1.1035071090047393,0.5597731739134604,0.14332484747773747,3.7937171722840075
0,MS_60011,26.7322247706422,19.90492033146111,1.8010472078002535,3.790741525048509
0,MS_67822,33.24815205913411,23.535739265895074,2.5633152102737853,3.7890044713625595
0,MS_5541,1.0,0.06382978723404255,0.2470922481451654,3.788747804892537
0,MS_47774,2.0,0.15,0.48936048492959283,3.7804441857747677
0,MS_57387,240.93853427895985,194.01237341690174,12.432766049238058,3.774394264012873
0,MS_6298,982.1111111111112,46.60529199117365,249.3486039264337,3.75179890478129
0,MS_68161,21.201219512195124,10.469251870005017,2.867455927972301,3.742679194298597
0,MS_30441,82.875,26.079323687508005,15.187831967661529,3.739551269293956
0,MS_44571,4.870036934441367,3.069878740482628,0.48652127952867563,3.7000605517248233
0,MS_23973,68.5,24.50974927849928,11.891563242156899,3.699282409359809
0,MS_345,3.0,1.501638201623236,0.4058190535910178,3.6921918404718497
0,MS_279,3.3176020408163267,2.1100793383697174,0.3283060586453688,3.678039654306096
0,MS_6898,62.164383561643845,36.42466001245129,7.008051052105589,3.6728790012822436
0,MS_14086,1.817910447761194,1.0997140649625,0.19584187034202685,3.6672259182594833
0,MS_28907,74.66379310344827,50.51055028468501,6.5978281049455205,3.660786918752667
0,MS_48534,37.19672131147541,23.723545484217492,3.693964618729418,3.6473483689976893
0,MS_42765,4.776699029126213,2.842158287759975,0.5305138080840306,3.6465417334807944
0,MS_29762,13.0,1.406015037593985,3.18028394478687,3.6455817039264393
0,MS_48534,37.17402597402597,23.723545484217492,3.693964618729418,3.641204472184395
0,MS_13590,9.116452074391988,7.3772203152581035,0.47870762604552386,3.6331816426264503
0,MS_57963,20.428571428571427,4.673877229295186,4.34490327237831,3.6260172463292717
0,MS_71564,19.62397820163488,12.421265896154146,1.9897338351455252,3.6199375907752716
0,MS_12446,25.997333333333334,3.1773734088316883,6.3149464987614445,3.6136426379823394
0,MS_64827,3.0,0.18823529411764706,0.7791038448887594,3.608972955696063
0,MS_64827,3.0,0.18823529411764706,0.7791038448887594,3.608972955696063
0,MS_24846,33.70955605718586,21.539723673133402,3.374857038482101,3.6060290096098537
0,MS_67960,132.3019891500904,119.41669002497974,3.5764873800525985,3.602780537400124
0,MS_43531,4.042328042328043,2.7209461206419667,0.3682200923208214,3.5885655053684236
0,MS_66187,4.576151121605667,3.0715246140468886,0.419372314159779,3.5878060061578663
0,MS_44177,2.1724137931034484,1.1243049218648107,0.2939018504764972,3.566186703279887
0,UNAVAILABLE,154.87878787878788,26.341501630885695,36.19122379208707,3.55161480546579
0,MS_18703,8636.208695652174,790.6925553579509,2210.4423206331567,3.5492969289725513
0,MS_18703,8636.208695652174,790.6925553579509,2210.4423206331567,3.5492969289725513
0,MS_14152,3.6684572142410983,2.552135090237652,0.31456559673213225,3.548773723510675
0,MS_293,18.034540859309185,14.230879829641687,1.0719564768516032,3.548335321261425
0,MS_71175,1.775456261799874,1.2361969199892435,0.15210955865453388,3.545203513708025
0,MS_1443,17.508474576271183,11.58112334523867,1.6732060497971293,3.542511235691017
0,MS_57157,3.070985627781426,2.2069395375061776,0.24396377158989008,3.5416983621967195
0,MS_54044,45.810287031217264,33.936639541249576,3.355018219973833,3.5390709413376285
0,MS_68082,12.495412844036696,7.391971218900798,1.4430591943914772,3.5365435076888625
0,MS_35339,122.0,16.604166666666664,29.842651012342127,3.5317181871591914
0,MS_72680,615.1891891891892,97.29897048744196,148.0251752507382,3.4986631012224696
0,MS_15849,19.951219512195124,12.021472699623834,2.2695738626731523,3.493936435816839
0,MS_18817,9.170940170940172,7.339292961332998,0.526910751409368,3.4762001054408724
0,MS_71660,7.000000000000001,0.5000000000000001,1.8708286933869709,3.474396144861517
0,MS_35395,15.059907834101384,8.547665960235665,1.874552428669965,3.4740249321734327
0,MS_54791,104.0,7.666666666666667,27.73188546176346,3.4737390454809534
0,MS_137,33.81159420289855,14.18344935863837,5.650887525049686,3.4734623114070198
0,MS_3519,22.03,7.532587920243994,4.174029631843051,3.4732412940141604
0,MS_34735,5.908688687161492,4.26539391948014,0.47334521633598636,3.4716623533276
0,MS_39706,200.09767570558932,122.43763849393675,22.390003360722137,3.4685138702519533
0,MS_60421,1.0,0.075,0.2667467828369185,3.4677081768799405
0,MS_48534,36.49875311720699,23.723545484217492,3.693964618729418,3.4584001070870234
0,MS_24612,3.062931778929189,2.386087913022688,0.1964982292748966,3.444529085092221
0,MS_45877,340.0,55.489285714285714,82.59831028417737,3.4445101032558956
0,MS_45877,340.0,55.489285714285714,82.59831028417737,3.4445101032558956
0,MS_7417,81.07407407407408,30.126698433717188,14.816449227790224,3.4385685029580704
0,MS_66575,62.00000000000001,7.611111111111111,15.904638202105362,3.419687275985267
0,MS_31780,4.689655172413794,3.3757707735738784,0.3845330788251227,3.4168306218395355
0,MS_12107,19.59705882352941,8.17912143593854,3.3479174189441467,3.410459685469725
0,MS_6945,183.5084745762712,26.784543058299523,45.998549298774606,3.4071494407356617
0,MS_3120,185.8894230769231,99.17609002531225,25.487991418531447,3.402125009684543
0,MS_68768,106.0,14.333333333333334,26.948753108773825,3.4015179216890132
0,MS_40034,13.271515502752823,9.875937282027591,0.999591624619905,3.3969654577852246
0,MS_34188,9.0,1.4659090909090908,2.231898053625187,3.375642940704022
0,MS_15849,19.67910447761194,12.021472699623834,2.2695738626731523,3.3740394635003352
0,MS_51982,0.1803953871499176,0.12105699781207069,0.017637007336202215,3.364425052772262
0,MS_35339,117.0,16.604166666666664,29.842651012342127,3.364172750330133
0,MS_53782,2.5466575848983166,1.8392319004829254,0.21042888342205385,3.361827867501054
0,MS_60064,149.0,28.920370370370375,35.72350819507027,3.361361627025204
0,MS_59327,10.228623408126138,8.841423531390229,0.41273511456729944,3.3609931110179785
0,MS_68939,11.219679633867276,4.516513266576523,1.9983620006605023,3.3543303791181027
0,MS_51658,1.889912860988184,1.3803556085641693,0.1520846923832337,3.3504834999435475
0,MS_345,2.857142857142857,1.501638201623236,0.4058190535910178,3.340170067238123
0,MS_6567,23.160818713450293,13.951741487936397,2.757312407646683,3.339874437142101
0,MS_70609,401.0,74.05790711346266,97.89265380967035,3.3398021216403095
0,MS_37965,60.30434782608695,14.452682655326827,13.794795799049098,3.323837905155564
0,MS_24930,12.96802935010482,9.95580680097431,0.9071681801360086,3.3204675991599455
0,MS_6156,56.638725901089686,40.51611014242444,4.862646356928471,3.315605243571368
0,MS_39732,19.724738675958186,15.417447262177443,1.2998612253412771,3.313654819305705
0,MS_63993,84.39978563772776,66.25708985683247,5.480156910605313,3.3106161149848052
0,MS_7059,3.105985214671595,2.1396568606697692,0.29286873836925675,3.299527151250446
0,MS_65095,8.988777603475322,5.922712241821735,0.9303287224686129,3.2956795674520616
0,MS_32688,6.292328338179378,5.013706329938256,0.3884127504991203,3.2919156402514083
0,MS_49800,0.5119109947643979,0.2924072513793345,0.06669911478217266,3.290954371762253
0,MS_72289,14.863636363636363,5.387703590538328,2.882533617807035,3.287362448978863
0,MS_61859,25.366900420757364,10.667757455348717,4.471515031270696,3.28728470386725
0,MS_3863,82.8,13.911400204707393,20.970270138218655,3.285060199093097
0,MS_58493,76.86499261447563,65.45259799596731,3.4773386441237895,3.2819336240931403
0,MS_54069,149.00507614213197,118.02582745480008,9.441586147105948,3.281148760881423
0,MS_17898,29.500000000000004,2.8076923076923075,8.135668538239655,3.280899113188701
0,MS_55302,7.3700440528634354,4.4865114259717185,0.8791379828525233,3.279954549950817
0,MS_40363,33.92105263157895,26.62996099829876,2.224646399118163,3.2774159687446685
0,MS_49309,66.6938444924406,61.84325464406255,1.4806550664777929,3.27597558553372
0,MS_54678,26.80202474690664,22.5603966313821,1.2953049904289766,3.2746172884887934
0,MS_42789,14.65741367637102,9.986697425692,1.426664135156423,3.2738723400843814
0,MS_49742,3.957943925233645,2.5180924228145587,0.4402439300168709,3.2705766150231956
0,MS_28195,4.969179600886918,3.5353054524410914,0.4397383253461791,3.2607440966557206
0,MS_24188,3.5234889212681506,2.805859826315477,0.2201223934571169,3.2601367070473843
0,MS_10077,11.377392590158548,5.125020713693446,1.9236367669575922,3.2502871560070052
0,MS_14526,127.28571428571428,35.791365034941755,28.163204186107716,3.2487194513152966
0,MS_61083,1.0833333333333333,0.70043473474921,0.11863198045742054,3.227617014465618
0,MS_14892,30.56317689530686,8.889710095490072,6.7161273650531434,3.2270779903003355
0,MS_40398,7.631460674157303,5.1371742939370995,0.7731101380985257,3.2263014767274076
0,MS_40398,7.631460674157303,5.1371742939370995,0.7731101380985257,3.2263014767274076
0,MS_40398,7.631460674157303,5.1371742939370995,0.7731101380985257,3.2263014767274076
0,MS_2024,153.6058315334773,119.43387247314837,10.59216899834485,3.2261531198821225
0,MS_137,32.4,14.18344935863837,5.650887525049686,3.2236618691506265
0,MS_26630,16.456521739130434,10.089185024369884,1.976092947026216,3.222184829080348
0,MS_69667,34.9811320754717,8.497236970804712,8.22499143217809,3.219929810632482
0,MS_61859,25.04710556186152,10.667757455348717,4.471515031270696,3.2157664697431514
0,MS_67224,15.61904761904762,11.818418461751689,1.1835361549962529,3.211248884329997
0,MS_31065,4.651006711409396,3.58779869628966,0.3311883812871487,3.2102817465625635
0,MS_33109,8.923076923076923,6.293993457487791,0.8200949271414614,3.205828226194638
0,MS_49742,3.928370221327968,2.5180924228145587,0.4402439300168709,3.2034008929080864
0,MS_70171,157.61904761904762,113.5764941445383,13.750312970032862,3.2030218927012584
0,MS_32908,54.1,23.171416073680117,9.656779032893839,3.20278467809691
0,MS_59433,18.27062706270627,13.746877052691207,1.4129795029177743,3.201568034549412
0,MS_43858,5.662793914246197,4.8033137869596665,0.26861414486665336,3.1996830535979304
0,MS_345,2.8,1.501638201623236,0.4058190535910178,3.199361357944632
0,MS_63385,64.25892857142857,43.41388272012892,6.517526222415634,3.198306403372431
0,MS_28450,200.9,47.75493697478992,47.95404570232999,3.193579619451567
0,MS_69009,24.24,13.501787299857517,3.362821006540373,3.1932156600835016
0,MS_28526,25.13636363636364,9.063339263827304,5.0347121394075565,3.1924415790785767
0,MS_28526,25.13636363636364,9.063339263827304,5.0347121394075565,3.1924415790785767
0,MS_11903,139.2926829268293,110.16512702825439,9.124917423032102,3.1920898073065693
0,MS_49742,3.923359152058704,2.5180924228145587,0.4402439300168709,3.1920184094083774
0,MS_49742,3.923359152058704,2.5180924228145587,0.4402439300168709,3.1920184094083774
0,MS_68948,40.090150250417366,34.03732767187571,1.8971642391711419,3.190457870524744
0,MS_11903,139.27058823529413,110.16512702825439,9.124917423032102,3.1896684493357683
0,MS_68802,9.222222222222223,2.788683153498795,2.017468703318218,3.188916416964441
0,MS_48144,67.64495114006515,58.25591021046999,2.9462617534708553,3.186764013256581
0,MS_31516,3.7666941467436112,2.714983352545361,0.3312500948321367,3.174975073535336
0,MS_8105,6.475063938618925,5.304453470034284,0.3702109797168234,3.1620090508391954
0,MS_50368,12.513274336283184,7.003615345493765,1.7438385788434987,3.1595005739828195
0,MS_68948,40.01857585139319,34.03732767187571,1.8971642391711419,3.1527308263678036
0,MS_24878,1.9657251666137732,1.0617145005238717,0.2869583698537794,3.1503199106913766
0,MS_64377,16.13888888888889,3.8006530315700715,3.919278874532906,3.1480882714142844
0,MS_12305,8.934980494148245,7.020803187057977,0.6081886117848732,3.147341581212221
0,MS_64035,7.857673456884668,6.54761295879965,0.4162728590742346,3.147119658481968
0,MS_22920,9.124255319148936,6.280415029602933,0.9036587770538997,3.14702890267659
0,MS_45778,165.5,22.202651515151516,45.59833134832898,3.142600710324016
0,MS_25663,3.7204301075268815,1.5893735192481036,0.6782097017169048,3.1421794511107035
0,MS_34892,58.5,17.125259000259,13.19467641372692,3.135714715724085
0,MS_31045,131.0,30.56997557021645,32.08279169127078,3.1303393232175916
0,MS_45696,5.137376237623762,3.371335444277951,0.5650122325076137,3.1256682452835447
0,MS_30454,8.900517852275826,7.033221672405419,0.597833839581672,3.123436741515047
0,MS_24846,32.05884529977794,21.539723673133402,3.374857038482101,3.116908807306307
0,MS_5225,0.4406206950328802,0.31494394508906254,0.04048563649446071,3.104230557447526
0,MS_63360,42.00237388724036,30.970240776772368,3.560135492850345,3.0987958555575523
0,MS_30658,32.36138613861387,22.144582099627343,3.297118681309391,3.098706788112676
0,MS_72035,38.38399071925755,24.995158002065182,4.32151582008609,3.09817973012202
0,MS_2503,49.52341137123745,41.58187655890151,2.5636704791910274,3.0977205833574635
0,MS_2503,49.52341137123745,41.58187655890151,2.5636704791910274,3.0977205833574635
0,MS_56120,56.17802779616148,38.20599507906985,5.805061417514769,3.0959246465278083
0,MS_56120,56.17802779616148,38.20599507906985,5.805061417514769,3.0959246465278083
0,MS_54044,44.31560909751792,33.936639541249576,3.355018219973833,3.0935657799048535
0,MS_45623,16.513661202185794,9.697829417400522,2.205516506950899,3.09035627858804
0,MS_22575,10.488393231715843,8.823561953104313,0.5389325931608238,3.089127100009564
0,MS_47977,38.93118195956454,32.53533591329224,2.0712237293415394,3.0879551811168144
0,MS_4945,23.295992714025505,17.347887503384808,1.9270725670210787,3.0866015698803917
0,MS_40939,38.71304347826087,29.72510395407101,2.9121069447058914,3.0864043439509055
0,MS_23569,104.2542372881356,22.614170897226753,26.478459723367507,3.0832634240752554
0,MS_23345,375.4523809523809,211.32861290472798,53.262516625675765,3.081412190886514
0,MS_31543,16.972035551701712,14.511267786189372,0.7995957123119163,3.07751495865002
0,MS_69086,356.4,36.7875,104.09062862728449,3.070521373681303
0,MS_50856,8.799999999999999,3.904060935116172,1.5945652539578696,3.070391163191107
0,MS_17121,3281.0000000000005,504.50083333333333,904.3341684972058,3.0702137145614725
0,MS_18227,1.288631984585742,0.602602900696061,0.2238442536231646,3.064760755684134
0,MS_21138,3.215299377916019,2.619267013981916,0.19481784118733622,3.0594341888890972
0,MS_50178,20.75267360615999,15.702402641067128,1.6517096034197376,3.0576022290096674
0,MS_68948,39.83521809369952,34.03732767187571,1.8971642391711419,3.0560824951860086
0,MS_51982,0.1749379652605459,0.12105699781207069,0.017637007336202215,3.0549948991560276
0,MS_16812,546.7130434782608,284.6327773971657,85.82051763287059,3.053818286231291
0,MS_3885,27.62207084468665,23.240597380420642,1.4359910615333669,3.0511843573646087
0,MS_63343,73.62299717247879,64.93903416314193,2.850023399027174,3.0469795484138986
0,MS_39862,133.575,88.91133373705337,14.71218795749446,3.0358276003532656
0,MS_64232,3.4294478527607364,2.826273452109108,0.198685393952939,3.035826583178517
0,MS_345,2.7333333333333334,1.501638201623236,0.4058190535910178,3.03508453043556
0,MS_24378,133.75,82.83366204249354,16.80590341637386,3.029669794954258
0,MS_34735,5.699081163859113,4.26539391948014,0.47334521633598636,3.028840674627889
0,MS_61242,13.402731512325117,11.381577232209652,0.6674299464242667,3.0282643009108745
0,MS_42083,110.18291215403129,89.81479984684499,6.73350501473737,3.0248900479924457
0,MS_29762,11.0,1.406015037593985,3.18028394478687,3.016707039046781
0,MS_267,45.5,4.136363636363637,13.718766178288245,3.015113445777636
0,MS_50297,1274.5,123.27272727272727,381.9098080897524,3.014395672332991
0,MS_72821,28.95833333333333,6.358335812338503,7.500929393314824,3.0129596395264024
0,MS_26216,234.65204534253328,222.12285884387413,4.16005991727266,3.0117802983167863
0,MS_67822,31.249727371864772,23.535739265895074,2.5633152102737853,3.0093794454353406
0,MS_53782,2.47208690568979,1.8392319004829254,0.21042888342205385,3.007453135307273
0,MS_24930,12.683985002678092,9.95580680097431,0.9071681801360086,3.007356586619645
0,MS_71564,18.394812680115272,12.421265896154146,1.9897338351455252,3.0021838491399193
0,MS_35495,57.66666666666666,6.049145299145299,17.197207502061076,3.0015059922568836
60000,MS_6298,5123.083333333333,46.60529199117365,249.3486039264337,20.35895914957636
60000,MS_43578,124.58024691358024,10.585111741955838,8.73556305238924,13.049546375885399
60000,MS_33800,248.17077439113316,16.03073109591152,18.290553524287287,12.691799785445108
60000,MS_65865,17.96286231884058,4.631393932428025,1.1029660104629404,12.08692585260812
60000,MS_68787,122.92090395480226,2.875032400803397,10.29846250807139,11.656678990666157
60000,MS_34433,1211.0,30.993642695173307,116.34296576019511,10.142481323168633
60000,MS_5201,350.00000000000006,6.500000000000001,35.84566437012067,9.58274887733218
60000,MS_5201,350.00000000000006,6.500000000000001,35.84566437012067,9.58274887733218
60000,MS_30548,124.0,2.2287581699346406,12.716802360007877,9.575618019590731
60000,MS_12652,1132.0,43.291044776119406,124.50971961596132,8.743967608166676
60000,MS_58126,808.7188470945991,44.65230778099733,97.44575837720731,7.840941997248779
60000,MS_12856,12.0,0.19047619047619047,1.5118578920369092,7.811265775524028
60000,MS_58869,29.331843908251415,15.061934242522169,1.8487737843029795,7.718580708406819
60000,MS_15353,94.9179104477612,33.00190276134016,8.035445198069569,7.705361204043269
60000,MS_38466,196.66115702479337,90.21262281441301,15.036738358338804,7.079230327323481
60000,MS_35495,124.0,6.049145299145299,17.197207502061076,6.858721375939574
60000,MS_71672,0.8351745470614228,0.37333864688539403,0.06743160329043077,6.848953274726125
60000,MS_68185,225.1410256410257,45.11762119116266,26.68698555718406,6.745737695406413
60000,UNAVAILABLE,263.94202898550725,26.341501630885695,36.19122379208707,6.565142110684056
60000,MS_9343,339.30091185410333,30.345813388241535,47.550954334923574,6.4973480088274735
60000,MS_60745,19.0,0.5159235668789809,2.86581329473404,6.449853682752359
60000,MS_38464,15.339987121699936,9.116630427483372,0.9703874962783787,6.413269666070848
60000,MS_10799,23.298969072164947,15.614014430312814,1.2219005565452112,6.289345397779745
60000,MS_46958,102.66666666666669,9.355933959657365,14.84665691912294,6.284965916254338
60000,MS_38466,181.92,90.21262281441301,15.036738358338804,6.098887604487016
60000,MS_59112,22.956521739130437,3.829491246774596,3.177433069038644,6.01964858952729
60000,MS_59112,22.956521739130437,3.829491246774596,3.177433069038644,6.01964858952729
60000,MS_59112,22.956521739130437,3.829491246774596,3.177433069038644,6.01964858952729
60000,MS_59364,24.42366450829624,6.719472438671861,2.9596041136313245,5.981946027200912
60000,MS_59364,24.42366450829624,6.719472438671861,2.9596041136313245,5.981946027200912
60000,MS_33091,1.0,0.02702702702702703,0.16439898730535726,5.918363542992863
60000,MS_73331,5.367663102771111,3.5129560987379187,0.31339485443639065,5.918115686260062
60000,MS_71217,307.25000000000006,19.430976400686074,50.38665025675138,5.7122079386642435
60000,MS_17507,0.8095238095238095,0.41122324278428213,0.07010122249981589,5.6817920221087945
60000,MS_3801,202.0,12.723684210526315,33.46169600563094,5.656506943270964
60000,MS_31512,81.96296296296296,8.123273909163371,13.07717530431606,5.64645554834989
60000,MS_48802,2.5950134253931725,1.5668079235888348,0.18655554831832788,5.511524642782887
60000,MS_24378,175.29166666666666,82.83366204249354,16.80590341637386,5.501519456198469
60000,MS_49981,80.2,7.886441409327129,13.344096329866241,5.419142428462799
60000,MS_43961,72.43529411764706,38.8325549728856,6.203889985554917,5.416398295746988
60000,MS_60745,16.0,0.5159235668789809,2.86581329473404,5.403030428246376
60000,MS_60745,16.0,0.5159235668789809,2.86581329473404,5.403030428246376
60000,MS_61653,15.14379622021364,9.712038189546496,1.009727610424226,5.379429040654885
60000,MS_46941,90.17073170731707,41.06174586038407,9.267863845582864,5.298846278405215
60000,MS_46941,90.17073170731707,41.06174586038407,9.267863845582864,5.298846278405215
60000,MS_69908,17.57704081632653,12.891058681633732,0.9108280882958524,5.144749261587014
60000,MS_68681,62.13636363636364,16.762969473478105,8.841361108718882,5.131946722336756
60000,MS_31865,5.8375,2.919044114440819,0.5728641296089765,5.094499262069787
60000,MS_49800,0.6279880478087648,0.2924072513793345,0.06669911478217266,5.031263121337922
60000,MS_52544,21.469314079422382,11.129212712237665,2.0637470500648254,5.010353069607014
60000,MS_38481,34.00000000000001,2.852661710270406,6.227631748203495,5.001474003133659
60000,MS_68681,60.91666666666666,16.762969473478105,8.841361108718882,4.993993192931178
60000,MS_68681,60.91666666666666,16.762969473478105,8.841361108718882,4.993993192931178
60000,MS_19988,44.91244239631337,30.51427838916733,2.9035138490607335,4.958875609222164
60000,MS_12652,660.0,43.291044776119406,124.50971961596132,4.953098899636608
60000,MS_10336,24.764192139737997,12.632734095696586,2.4553851462349336,4.940755654013662
60000,MS_30502,24.090779127948537,7.935051326990295,3.324900528317439,4.8590108676525805
60000,MS_37555,10.954545454545457,2.428658974620506,1.7719215398646202,4.811661401540586
60000,MS_37555,10.954545454545457,2.428658974620506,1.7719215398646202,4.811661401540586
60000,MS_42926,10.279132791327914,4.730508977501974,1.1850126569053323,4.682332953570475
60000,MS_30803,98.5326842837274,55.85243871817641,9.266043511072482,4.606091641437916
60000,MS_71107,14.000000000000002,0.7192982456140351,2.8949414897103627,4.587554464085107
60000,MS_7779,1.0,0.044444444444444446,0.2084090771399927,4.58499969707984
60000,MS_54248,18.65466816647919,12.746493760283412,1.2961169617370016,4.558365163494111
60000,MS_54246,2.203703703703704,1.2509990188782973,0.21054953039132498,4.524848300799914
60000,MS_56133,168.99999999999997,17.70271826744817,33.47640601529028,4.519519857162894
60000,MS_25642,9.486827382768793,4.189572470873299,1.1749474856484319,4.508503551520038
60000,MS_48122,35.477064220183486,12.398777645804627,5.153509320305369,4.478169173663465
60000,MS_10336,23.612474437627814,12.632734095696586,2.4553851462349336,4.471697794037513
60000,MS_65803,59.87468671679198,46.13815995483062,3.0722115167682307,4.471217781388732
60000,MS_65803,59.87468671679198,46.13815995483062,3.0722115167682307,4.471217781388732
60000,MS_443,14.475524475524477,6.7442422271758815,1.7299697663192484,4.4690273777431235
60000,MS_4733,16.43502824858757,10.250629486997896,1.3914557638613554,4.444552907975799
60000,MS_30502,22.636225266362253,7.935051326990295,3.324900528317439,4.421537972088285
60000,MS_54653,332.8931297709924,292.2881760004712,9.197803344816428,4.414636000388591
60000,MS_9209,33.0,4.014084507042254,6.59005904631686,4.39843031591011
60000,MS_36544,2.6483050847457625,1.5660269023728908,0.24742915286738096,4.374093229640405
60000,MS_61243,31.739884393063583,18.616406892635766,3.009994393292015,4.359967423751491
60000,MS_24667,2100.0,401.564453125,390.61331581333377,4.348125059020385
60000,MS_28526,30.83333333333333,9.063339263827304,5.0347121394075565,4.323979895316863
60000,MS_54653,332.0402684563758,292.2881760004712,9.197803344816428,4.321911544054436
60000,MS_345,3.25,1.501638201623236,0.4058190535910178,4.308229943630871
60000,MS_345,3.25,1.501638201623236,0.4058190535910178,4.308229943630871
60000,MS_43157,5.033197437390798,3.2292943875470512,0.4196138546514168,4.298959697940125
60000,MS_17114,105.0,15.730581039755352,20.849194025949657,4.281672416168065
60000,MS_55052,1707.0,170.48631111535522,360.49125919093905,4.262277238935243
60000,MS_61187,7.236533957845433,4.046087348660592,0.74883463512407,4.260548937692011
60000,MS_54793,40.00000000000001,2.9682539682539684,8.751923446943765,4.23126941823032
60000,MS_12986,4.739156115028241,3.7814568377318762,0.22742233629176278,4.211104735410513
60000,MS_17115,21.635036496350363,14.64202590499893,1.663512597690265,4.203761727480158
60000,MS_6841,2.3456328346138293,1.3349443718578249,0.24118714655644985,4.1904739833200555
60000,MS_4393,80.17241379310346,21.042500678711605,14.183553688880059,4.168906778330867
60000,MS_66180,7.545537618032288,4.250471002775019,0.7910509904441099,4.165428847269833
60000,MS_34516,12.4435261707989,7.985970365471553,1.0756709481561895,4.143977126990421
60000,MS_49800,0.5683550528645193,0.2924072513793345,0.06669911478217266,4.13720335549251
60000,MS_73023,395.0,20.789473684210527,90.61921487887189,4.129483209670112
60000,MS_546,11.0,0.631578947368421,2.521254676981052,4.112405282693106
60000,MS_29648,82.75,51.911302127059166,7.511936606391167,4.1052926147836795
60000,MS_47159,12.342974998742394,9.529716055103767,0.6888147060417851,4.084202789172111
60000,MS_55052,1626.5,170.48631111535522,360.49125919093905,4.038970853696754
60000,MS_55960,3.986902050113895,0.8096779009657147,0.7902002853239463,4.02078334842117
60000,MS_7274,0.9981327800829876,0.5733674459501519,0.10586709767922743,4.012250675085621
60000,MS_73125,152.0,8.444444444444445,35.82674358011841,4.006938426723768
60000,MS_17750,64.0,6.204628427703512,14.430064946194241,4.005205228652788
60000,MS_24067,40.00000000000001,3.3500000000000005,9.256079083499667,3.959559946428511
60000,MS_48344,42.53754940711463,34.07378148863459,2.1383455081171716,3.9580918454719005
60000,MS_71217,218.5,19.430976400686074,50.38665025675138,3.950828693412505
60000,MS_6252,19.22334004024145,8.617726768597562,2.687647562579658,3.9460580394939906
60000,MS_24378,149.09090909090912,82.83366204249354,16.80590341637386,3.942498383268207
60000,MS_72093,51.66369710467706,41.20183118909465,2.6695334893389733,3.918986578502512
60000,MS_52160,55.0,6.0,12.577564229659874,3.895825861453388
60000,MS_47485,1.2815003641660596,0.7062760164243896,0.14807039288852053,3.8848032784970443
60000,MS_55942,18.34042553191489,12.347884821533953,1.5492490963048329,3.868029179215886
60000,MS_13325,51.875,20.494038689273864,8.13862992895566,3.8558039356328004
60000,MS_48534,37.96111111111111,23.723545484217492,3.693964618729418,3.854277746653348
60000,MS_14526,144.0,35.791365034941755,28.163204186107716,3.84219900015621
60000,MS_14526,144.0,35.791365034941755,28.163204186107716,3.84219900015621
60000,MS_14526,144.0,35.791365034941755,28.163204186107716,3.84219900015621
60000,MS_17063,25.678080479880027,18.17925099367352,1.9563412469640808,3.833088679106191
60000,MS_10077,12.459219668626403,5.125020713693446,1.9236367669575922,3.812673515558067
60000,MS_57157,3.135745915406932,2.2069395375061776,0.24396377158989008,3.807148790362628
60000,MS_10887,20.02593659942363,8.303563745306795,3.082230426853029,3.8032110617003516
60000,MS_36660,84.0,8.793333333333333,19.801053298037246,3.7981144505136717
60000,MS_5541,1.0,0.06382978723404255,0.2470922481451654,3.788747804892537
60000,MS_5541,1.0,0.06382978723404255,0.2470922481451654,3.788747804892537
60000,MS_46010,60.1875,40.451362142059914,5.218847034546164,3.7817046039664888
60000,MS_44819,32.529411764705884,6.849988893898025,6.801717989986061,3.7754318700973495
60000,MS_17115,20.9024024024024,14.64202590499893,1.663512597690265,3.7633478135938425
60000,MS_65232,13.032307692307691,10.235609148189985,0.7438620006073202,3.759700780298448
60000,MS_59433,19.04813046937152,13.746877052691207,1.4129795029177743,3.751826127508101
60000,MS_29186,133.00000000000003,18.56118143459916,30.581591594540395,3.7420818406923972
60000,MS_29186,133.00000000000003,18.56118143459916,30.581591594540395,3.7420818406923972
60000,MS_52160,53.00000000000001,6.0,12.577564229659874,3.7368125609859035
60000,MS_70032,13.636363636363637,2.527322098901383,2.976139999789821,3.7327012634643495
60000,MS_54290,24.291666666666668,6.3210995890255495,4.816983609436937,3.7306680974448487
60000,MS_3296,71.00000000000001,9.6125,16.497663976050266,3.7209813516093266
60000,MS_57157,3.112378868396374,2.2069395375061776,0.24396377158989008,3.7113679829981696
60000,MS_49699,18.05809959931311,13.621261783321938,1.208624871415496,3.6709800707600158
60000,MS_491,22.821461609620723,16.816577622473964,1.638052688565249,3.665867422375995
60000,MS_42473,220.0,13.62857142857143,56.34666111214928,3.6625316300584037
60000,MS_54461,28.1567992599445,21.72226528249893,1.764018040719602,3.647657693353695
60000,MS_33832,66.0,4.923076923076923,16.75423688030271,3.6454613548366854
60000,MS_30104,35.15875299760192,32.24051480858391,0.8033784592160341,3.6324575989574517
60000,MS_1917,2.1682531933935403,0.9816308468585269,0.32771998791041673,3.6208421527812953
60000,MS_61243,29.477272727272727,18.616406892635766,3.009994393292015,3.6082677957278486
60000,MS_41935,2.181034482758621,1.0621728976354505,0.310319092199271,3.6055196513809564
60000,MS_63343,75.20318725099601,64.93903416314193,2.850023399027174,3.601427655421231
60000,MS_18856,25.5625,9.113528477419651,4.594758743317129,3.5799423737981115
60000,MS_59533,158.06194690265488,37.922178991431394,33.59667797498209,3.575941883322097
60000,MS_59433,18.78787282212816,13.746877052691207,1.4129795029177743,3.567635453329223
60000,MS_18703,8662.411347517731,790.6925553579509,2210.4423206331567,3.5611509600056035
60000,MS_53782,2.587626275317888,1.8392319004829254,0.21042888342205385,3.556519250895419
60000,MS_67220,859.0,69.7840909090909,222.1126468271217,3.553223647391787
60000,MS_71107,11.0,0.7192982456140351,2.8949414897103627,3.5512640897673355
60000,MS_59112,15.090090090090092,3.829491246774596,3.177433069038644,3.5439295175216623
60000,MS_14296,35.79825949367089,26.027019436302087,2.7641245819741243,3.5350215837197294
60000,MS_14296,35.79825949367089,26.027019436302087,2.7641245819741243,3.5350215837197294
60000,MS_55882,14.000000000000002,1.1333333333333333,3.6423435679060634,3.5325241638485934
60000,MS_26294,8.794520547945206,5.207832837789135,1.016623803275811,3.5280382955808083
60000,MS_26294,8.794520547945206,5.207832837789135,1.016623803275811,3.5280382955808083
60000,MS_57089,21.287526427061312,17.533240885247626,1.065617573722478,3.5231077587234183
60000,MS_29677,239.50909090909093,139.8261126179185,28.31362361076311,3.5206718737787783
60000,MS_37555,8.666666666666666,2.428658974620506,1.7719215398646202,3.5204762466642636
60000,MS_37555,8.666666666666666,2.428658974620506,1.7719215398646202,3.5204762466642636
60000,MS_10153,6484.333333333333,1654.478516694034,1376.8890057822987,3.507802587104797
60000,MS_57413,14.421052631578949,4.622715830253302,2.8039036242150126,3.4945340905106224
60000,MS_17115,20.44413407821229,14.64202590499893,1.663512597690265,3.4878654849199253
60000,MS_65065,3.555641124374278,2.4229389923470377,0.32525609238076864,3.482493206310848
60000,MS_60421,1.0,0.075,0.2667467828369185,3.4677081768799405
60000,MS_36022,8.351919784788457,5.6495183816475825,0.7826019412937444,3.453098261772068
60000,MS_71682,7.0200222469410445,4.732673231095851,0.6634438444978301,3.4476904636541166
60000,MS_67220,835.0,69.7840909090909,222.1126468271217,3.445170367478014
60000,MS_56320,11.269005847953215,8.266692671253823,0.8716746969469102,3.444304609523671
60000,MS_5519,9.436241610738255,5.752422763785981,1.069610730225284,3.444074318678889
60000,MS_54461,27.796571944068564,21.72226528249893,1.764018040719602,3.4434492852985334
60000,MS_13899,51.0,6.262626262626263,12.992187175738643,3.4434058817221658
60000,MS_66187,4.515089722675367,3.0715246140468886,0.419372314159779,3.4422041224173103
60000,MS_38389,15.814814814814817,5.164972142330196,3.0944695775064064,3.4415729112019595
60000,MS_52685,23.435378201310304,18.336090616028535,1.4842429637471513,3.43561513164125
60000,MS_36542,4.768677220986524,4.14555477605838,0.18143331964300335,3.4344432773110714
60000,UNAVAILABLE,150.6031746031746,26.341501630885695,36.19122379208707,3.4334753001488103
60000,MS_23090,25.610169491525426,10.248537034384166,4.474590599993795,3.4330811085069017
60000,MS_37870,1.86529223378703,1.5315126132066978,0.09737014060739778,3.42794637553366
60000,MS_24839,112.0,34.02240537240537,22.74944842940876,3.427669680412608
60000,MS_17114,87.0,15.730581039755352,20.849194025949657,3.4183296904206544
60000,MS_2274,3.600641773628938,2.410753107654279,0.3481990276668413,3.4172659066502353
60000,MS_2274,3.600641773628938,2.410753107654279,0.3481990276668413,3.4172659066502353
60000,MS_2024,155.62897727272727,119.43387247314837,10.59216899834485,3.41715703414804
60000,MS_59433,18.57131615187881,13.746877052691207,1.4129795029177743,3.414373024679575
60000,MS_67220,828.0,69.7840909090909,222.1126468271217,3.413654827503163
60000,MS_49800,0.5200453857791225,0.2924072513793345,0.06669911478217266,3.412910878101056
60000,MS_968,6.8791781988503296,5.149816229429804,0.5073427593494653,3.4086659118541096
60000,MS_27208,79.33333333333333,22.241666666666664,16.7491666139194,3.4086273056249032
60000,MS_42765,4.648936170212766,2.842158287759975,0.5305138080840306,3.4057132065573055
60000,MS_5623,10.000000000000002,0.8888888888888888,2.6764526322747537,3.4041742421450794
60000,MS_56916,599.0,109.77152604877062,144.638787492239,3.382415480892221
60000,MS_54814,5.229996423578372,4.037336284048974,0.3534329562988052,3.3745017782695936
60000,MS_31843,0.2507685551163812,0.16678088045986258,0.024905964839113042,3.3721911678210494
60000,MS_53782,2.548718983256001,1.8392319004829254,0.21042888342205385,3.3716240434069538
60000,MS_36926,119.15789473684212,36.91469728120075,24.44561338536959,3.364333557891533
60000,MS_72258,3.703097971379148,2.4295891555470353,0.3791610494525565,3.358754327932262
60000,MS_491,22.317658349328216,16.816577622473964,1.638052688565249,3.3583051175677276
60000,MS_13729,187.44444444444449,140.7210637729197,14.01855342958833,3.3329673354818365
60000,MS_17533,5.738498789346248,3.857258044497511,0.5652082774786911,3.3284026788154417
60000,MS_65803,56.35960591133004,46.13815995483062,3.0722115167682307,3.3270645268759775
60000,MS_65803,56.35960591133004,46.13815995483062,3.0722115167682307,3.3270645268759775
60000,MS_48760,13.310918163313096,9.754117094367889,1.0706161110722383,3.322200209917462
60000,MS_13177,13.417696598490648,9.434725231508171,1.200649318268135,3.3173477937152174
60000,MS_28907,72.38461538461539,50.51055028468501,6.5978281049455205,3.3153432844869477
60000,MS_5687,10.674603174603174,7.9665300963189845,0.8174190674145577,3.312955601647078
60000,MS_27011,25.088541666666668,5.9051425693265776,5.79053741096832,3.3128875155876343
60000,MS_56187,141.63636363636363,58.362944613632976,25.18641970727178,3.3062825121860446
60000,MS_23533,144.43932584269663,119.1938796306984,7.648050903626577,3.300899344175032
60000,MS_42765,4.5904059040590415,2.842158287759975,0.5305138080840306,3.2953856990318964
60000,MS_17624,4.955144032921811,3.317765274514076,0.49721667667375813,3.293088979559868
60000,MS_27732,106.73282442748094,79.26637382681606,8.357566194533709,3.2864173566019
60000,MS_18298,25.252377874226617,22.743285926930653,0.7650434480177022,3.279672486310747
60000,MS_71529,9.679245283018869,2.63335113844144,2.151083298451346,3.275509669778971
60000,MS_65145,32.38461538461539,17.369606170291686,4.589857418342249,3.271345457120273
60000,MS_31516,3.797824116047144,2.714983352545361,0.3312500948321367,3.268952312452983
60000,MS_72266,558.0,80.22132653061225,146.21791428984235,3.2675795971368102
60000,MS_60637,4.011996572407884,2.275028751569935,0.5322771096927205,3.2632773215453263
60000,MS_49600,24.666666666666668,7.538515448304132,5.249176484444423,3.263016831139255
60000,MS_32971,2.195364238410596,1.3621579442650347,0.25562197603363834,3.2595252844611298
60000,MS_71793,4.699999999999999,1.7496628146207978,0.9059682550063329,3.256556914743749
60000,MS_2655,50.69857651245552,37.43641070963239,4.072806906933485,3.256271683355726
60000,MS_30802,18.94949494949495,7.66908087162209,3.4718822036801114,3.249077421438981
60000,MS_30802,18.94949494949495,7.66908087162209,3.4718822036801114,3.249077421438981
60000,MS_35713,2.4057119616792444,2.120334440163718,0.08792894934641249,3.2455468152044937
60000,MS_51982,0.1781290046988466,0.12105699781207069,0.017637007336202215,3.235923521425787
60000,MS_34347,151.8358208955224,31.243603920301734,37.35930339623315,3.2279032533400955
60000,MS_45296,7.643697478991596,5.615800460940264,0.6283751747367883,3.227207406627372
60000,MS_54807,25.875886524822697,21.826127189335246,1.2575981662461713,3.220233174779234
60000,MS_69853,23.181818181818183,10.207024919773648,4.0352175556327445,3.2153887821817864
60000,MS_44633,10.908688034628463,9.657111700289512,0.38926086048687225,3.215263750826447
60000,MS_3285,350.9738562091504,273.26181417493456,24.17187519031035,3.214977796400665
60000,MS_43531,3.9046296296296297,2.7209461206419667,0.3682200923208214,3.21460869103348
60000,MS_30934,13.984561403508772,10.844602297451132,0.9780255618949657,3.210508220228761
60000,MS_63343,74.0794638583054,64.93903416314193,2.850023399027174,3.2071419828635324
60000,MS_60832,291.18607764390896,258.7970104883599,10.114726741295822,3.2021692710009515
60000,MS_11984,161.3076923076923,116.32803560147032,14.115882395462906,3.1864573142575368
60000,MS_28790,1771.0000000000002,148.41666666666669,510.98931821842757,3.1753762270227024
60000,MS_56997,39.95652173913043,22.036181327953525,5.658990110934527,3.1667029027936464
60000,MS_64048,110.15509601181684,85.49679441373068,7.790538412524782,3.1651601330202306
60000,MS_64048,110.15509601181684,85.49679441373068,7.790538412524782,3.1651601330202306
60000,MS_65232,12.586635586635587,10.235609148189985,0.7438620006073202,3.160568003912185
60000,MS_44819,28.33333333333333,6.849988893898025,6.801717989986061,3.1585173732672396
60000,MS_1947,10.81523128034756,7.8550297179605835,0.9372847840321671,3.1582733581273876
60000,MS_17852,41.768062179826885,33.80387633621944,2.5283153832260985,3.1499969886847126
60000,MS_35746,12.798298068077278,10.80085732326815,0.6342660660145681,3.149215844637744
60000,MS_25979,81.66666666666667,8.916666666666668,23.120457511813118,3.1465640315650876
60000,MS_26189,28.88888888888889,5.399440428852194,7.466655502779751,3.1459129795518006
60000,MS_13943,83.78090255068672,70.80878404959805,4.1301566731250094,3.140829641039634
60000,MS_13429,4.941398865784499,3.360332882725031,0.5042182537862431,3.1356777966426828
60000,MS_48534,35.27407407407407,23.723545484217492,3.693964618729418,3.1268649762621488
60000,MS_49632,3.046410756885708,2.303191908963455,0.23818873697892592,3.120293836513396
60000,MS_20599,2.038100397255327,1.4826372243198502,0.1780612230518872,3.119506669757144
60000,MS_54044,44.39818776743016,33.936639541249576,3.355018219973833,3.1181792587290853
60000,MS_46875,1.4285714285714286,0.9431735887398536,0.15579806553862197,3.1155575529995656
60000,MS_14526,123.5,35.791365034941755,28.163204186107716,3.1142988697402187
60000,MS_60678,35.48717948717949,27.77731100288706,2.4757815985790477,3.114114948070313
60000,MS_65232,12.547559966914806,10.235609148189985,0.7438620006073202,3.1080372661021087
60000,MS_57157,2.965078878848216,2.2069395375061776,0.24396377158989008,3.107589854023457
60000,MS_50178,20.821837772213367,15.702402641067128,1.6517096034197376,3.0994765184793036
60000,MS_491,21.89121756487026,16.816577622473964,1.638052688565249,3.097971132321215
60000,MS_44144,4.479716772385308,3.1160844701209385,0.4401818105061928,3.0978842599067034
60000,MS_16812,550.266129032258,284.6327773971657,85.82051763287059,3.09521963933425
60000,MS_16812,550.266129032258,284.6327773971657,85.82051763287059,3.09521963933425
60000,MS_42574,1.1247065322469272,0.6265439737305105,0.16095276164804193,3.0950854984753664
60000,MS_56214,17.81421899325376,14.482267491603567,1.0769413933368295,3.0939023444222613
60000,MS_68850,24.57840187228352,16.468880144951324,2.6272888739526423,3.086650199653064
60000,MS_58753,10.68421052631579,6.95357861838675,1.2090068607351363,3.0856995349560132
60000,MS_5445,6.520775623268698,4.891072334138537,0.528703613652914,3.082451579761733
60000,MS_58592,11.0,1.34375,3.1343194370282896,3.0808123402875878
60000,MS_26274,210.0,38.400081400081405,55.760815236770675,3.0774284391516478
60000,MS_61653,12.8159509202454,9.712038189546496,1.009727610424226,3.0740099593739245
60000,MS_59433,18.08474909162329,13.746877052691207,1.4129795029177743,3.0700176683203577
60000,MS_50704,18.080126458083505,5.510007743686121,4.098658987515236,3.0668857186427876
60000,MS_34264,37.5,14.771376811594203,7.423141889942946,3.0618602642095647
60000,MS_71529,9.21818181818182,2.63335113844144,2.151083298451346,3.061169543960047
60000,MS_49800,0.4964601769911504,0.2924072513793345,0.06669911478217266,3.0593048540181704
60000,MS_25642,7.778481649069885,4.189572470873299,1.1749474856484319,3.0545273061424814
60000,MS_45296,7.529900332225914,5.615800460940264,0.6283751747367883,3.0461099487060768
60000,MS_11461,8.870227783124799,7.172405316741367,0.5581502623209196,3.0418734541546
60000,MS_53205,10.000000000000002,1.6250000000000002,2.7537852736430515,3.041268351660732
60000,MS_31375,472.00000000000006,76.31720430107528,130.20935122112274,3.03882011536155
60000,MS_70132,24.65912305516266,17.26061944714898,2.435582690049404,3.0376729306873202
60000,MS_26294,8.27536231884058,5.207832837789135,1.016623803275811,3.017369326949766
60000,MS_16798,7.072585871678547,5.587584382947632,0.49248312192592564,3.015334785329504
60000,MS_39456,287.6666666666667,26.151515151515152,86.73476345687001,3.0151134457776365
60000,MS_56320,10.893854748603353,8.266692671253823,0.8716746969469102,3.0139249040396754
60000,MS_45296,7.509554140127388,5.615800460940264,0.6283751747367883,3.0137308972786423
60000,MS_44818,175.5,18.848484848484848,52.02149419793571,3.011284423232336
60000,MS_40554,570.1666666666666,72.94732087169224,165.1371588000329,3.0109476837800324
60000,MS_68948,39.741767764298096,34.03732767187571,1.8971642391711419,3.006824593591654
60000,MS_18193,545.4615384615385,395.4067400850747,49.90718139002299,3.0066774800161604
60000,MS_40586,5.798107922414248,4.449139447190836,0.4490234209395304,3.004227424041376
60000,MS_48931,71.2,16.459409370648565,18.230007878515618,3.0027738328003784
120000,MS_73317,30.97629127857748,10.143512668213754,1.2226789856739542,17.038633079050154
120000,MS_40269,12.118626956082784,3.3819248757096037,0.6699371675601419,13.041076840372295
120000,MS_43157,8.443396226415093,3.2292943875470512,0.4196138546514168,12.425952530093458
120000,MS_27721,24.38442315701791,10.460701104038419,1.2403528425652512,11.225613853702283
120000,MS_40056,4.0,0.052132701421800945,0.36791911821020157,10.730258644299864
120000,MS_54275,14.606301621290914,2.5206879317149316,1.192556761930612,10.134204153109463
120000,MS_55942,27.5,12.347884821533953,1.5492490963048329,9.78029628328064
120000,MS_42505,603173.6341463415,6387.908824987092,61309.73341140662,9.733947484598309
120000,MS_19528,26473.77777777778,541.9970632873648,2704.760691864948,9.587458436705653
120000,MS_49979,8.764293470563242,2.3968030984512163,0.6736320043522925,9.452476026928775
120000,MS_59851,2.0,0.02631578947368421,0.22941573387056177,8.603090020146066
120000,MS_24051,98.82926829268294,30.25818101636171,8.119219171056143,8.445527313853944
120000,MS_32506,1.0,0.0136986301369863,0.11704114719613058,8.4269625981214
120000,MS_40056,3.0,0.052132701421800945,0.36791911821020157,8.012269960089455
120000,MS_38466,206.31578947368425,90.21262281441301,15.036738358338804,7.721299918401841
120000,MS_61850,141.25000000000003,43.519755122079935,12.781531025016454,7.646208007995214
120000,MS_45075,968.0,133.84837139554105,109.57573772862327,7.6125577239582904
120000,MS_47977,48.17831135603228,32.53533591329224,2.0712237293415394,7.552528112312174
120000,MS_13532,74.00000000000001,8.937766706102733,8.947795258414828,7.271314487522545
120000,MS_20030,65.87308533916848,23.806237689382733,5.802954032172377,7.249212628010035
120000,MS_45440,86.1723614274867,35.02780335326326,7.072944337408743,7.2310137948803455
120000,MS_67498,115.17307692307692,48.82877978261924,9.296107170903111,7.13678273289661
120000,MS_21560,326.00000000000006,22.992775974025975,43.82390679258742,6.914199262518196
120000,MS_49117,17.24252623242922,8.63190447169574,1.2899694401288782,6.675058720672647
120000,MS_38464,15.592714145060716,9.116630427483372,0.9703874962783787,6.673708948656451
120000,UNAVAILABLE,265.1036585365854,26.341501630885695,36.19122379208707,6.597239106291376
120000,MS_69665,28.65196261682243,20.328844160068957,1.2650891635098687,6.5790765558862105
120000,MS_34433,796.0,30.993642695173307,116.34296576019511,6.57544143134231
120000,MS_48931,136.00000000000003,16.459409370648565,18.230007878515618,6.557352658647622
120000,MS_73317,17.869635627530364,10.143512668213754,1.2226789856739542,6.319011817364217
120000,MS_49742,5.2727272727272725,2.5180924228145587,0.4402439300168709,6.257064918094729
120000,MS_41598,16.92105263157895,6.871479988830261,1.6221418786980113,6.195248871088164
120000,MS_30548,81.0,2.2287581699346406,12.716802360007877,6.194264847410633
120000,MS_17121,6067.0,504.50083333333333,904.3341684972058,6.1509333169510265
120000,MS_71529,15.799999999999995,2.63335113844144,2.151083298451346,6.120938631729311
120000,MS_10610,23.23021229598724,14.693679370294038,1.4000955445870158,6.097107414345219
120000,MS_16641,22.03703703703704,8.076080702487612,2.303239626689617,6.0614432700670084
120000,MS_21351,4.329428989751098,0.11393234183555521,0.7023261234021448,6.002192581838212
120000,MS_42367,31.610273327049956,16.03588746818623,2.61369470487352,5.958762448354652
120000,MS_40608,86.77777777777777,41.57815935395307,7.649957591931615,5.908479606670838
120000,MS_26004,170.4,16.598433628160052,26.05233599695944,5.903561446074935
120000,MS_11134,62.00000000000001,1.823529411764706,10.63291227883555,5.6594533097027915
120000,MS_19396,270.0,10.775862068965518,46.20650849396721,5.61012174215412
120000,MS_56120,70.62374821173104,38.20599507906985,5.805061417514769,5.584394513872293
120000,MS_56120,70.62374821173104,38.20599507906985,5.805061417514769,5.584394513872293
120000,UNAVAILABLE,227.2318244170096,26.341501630885695,36.19122379208707,5.550802148615019
120000,MS_20999,185.33333333333331,10.826760108412977,31.761522365861214,5.494276099702584
120000,MS_47399,18.860465116279062,4.243373238539634,2.666818771352856,5.48109681646057
120000,MS_39298,2479.0000000000005,312.94,398.3502015103225,5.437577266906117
120000,MS_33734,6.58252192805987,2.1467692927368636,0.8303792197650535,5.341839643552318
120000,MS_55941,18.064136483897453,15.260100766721807,0.524982522884006,5.341198220793328
120000,MS_71107,16.0,0.7192982456140351,2.8949414897103627,5.278414713630289
120000,MS_71107,16.0,0.7192982456140351,2.8949414897103627,5.278414713630289
120000,MS_49800,0.6383066740209596,0.2924072513793345,0.06669911478217266,5.185967216675523
120000,MS_60745,15.0,0.5159235668789809,2.86581329473404,5.054089343411049
120000,MS_60745,15.0,0.5159235668789809,2.86581329473404,5.054089343411049
120000,MS_19396,244.0,10.775862068965518,46.20650849396721,5.047430449359413
120000,MS_19396,244.0,10.775862068965518,46.20650849396721,5.047430449359413
120000,MS_48931,108.0,16.459409370648565,18.230007878515618,5.021423536367948
120000,MS_28907,83.34482758620689,50.51055028468501,6.5978281049455205,4.976528151273047
120000,MS_59433,20.7482137466036,13.746877052691207,1.4129795029177743,4.955016459513229
120000,MS_19396,239.00000000000003,10.775862068965518,46.20650849396721,4.939220585360432
120000,MS_5533,919.0494505494504,300.2900824229363,125.75100007966941,4.920512502759419
120000,MS_2557,111.97101449275362,84.57044008409183,5.728172537749616,4.783475746948511
120000,MS_345,3.4285714285714284,1.501638201623236,0.4058190535910178,4.748257160173029
120000,MS_345,3.4285714285714284,1.501638201623236,0.4058190535910178,4.748257160173029
120000,MS_48931,103.0,16.459409370648565,18.230007878515618,4.747150478818006
120000,MS_31600,83.66666666666667,12.573913770299313,15.002100202462149,4.738853356325376
120000,MS_13532,51.0,8.937766706102733,8.947795258414828,4.700848877195802
120000,MS_72821,41.31250000000001,6.358335812338503,7.500929393314824,4.659977764730631
120000,MS_15135,37.00000000000001,1.6222222222222222,7.60767820539011,4.65027263544248
120000,MS_31600,81.83333333333333,12.573913770299313,15.002100202462149,4.616648244468274
120000,MS_56454,191.0,8.304347826086957,39.82625308490128,4.587317109255644
120000,MS_60011,28.03569110966905,19.90492033146111,1.8010472078002535,4.5144684398020996
120000,MS_21641,49.96271186440678,33.28379633118552,3.6961274684374565,4.51253796727749
120000,MS_63243,10.435745937961595,7.859755069308687,0.5855891753303236,4.398972824591274
120000,MS_49226,105.0,8.706687910854578,21.93040847110842,4.390858119036142
120000,MS_19215,98.0,6.342105263157895,20.94042555620842,4.377078894161603
120000,MS_33832,78.0,4.923076923076923,16.75423688030271,4.361698094577898
120000,MS_37555,10.125,2.428658974620506,1.7719215398646202,4.3434998967096
120000,MS_1298,526.5,55.90217391304348,108.46078939399428,4.33887517061548
120000,MS_66235,354.0,44.83002207505519,71.53251907530428,4.322089895918148
120000,MS_50599,10.706605222734256,5.811717222308826,1.141005085244029,4.289979127813046
120000,MS_19528,12101.04958677686,541.9970632873648,2704.760691864948,4.273595278966977
120000,MS_62294,31.179902954363985,24.186601108366148,1.6412277158812154,4.261018613278147
120000,MS_37555,9.941176470588236,2.428658974620506,1.7719215398646202,4.23975741981313
120000,MS_5473,18.223214285714285,5.260283055701676,3.061574579100764,4.234073315901401
120000,MS_63535,0.926470588235294,0.2366825150186531,0.16314736925006137,4.228006105077796
120000,MS_6684,3.1285818247975983,2.013698904803155,0.2640059889850517,4.222945563774954
120000,MS_49742,4.3744427934621095,2.5180924228145587,0.4402439300168709,4.216640466971145
120000,MS_44319,19.644831398562744,15.591840323784648,0.9650176575746082,4.199913901020767
120000,MS_345,3.1875,1.501638201623236,0.4058190535910178,4.154220417841116
120000,MS_4296,14.49206349206349,8.281978470731291,1.502599174891056,4.132895269147511
120000,MS_41565,34.88333333333333,11.393697811013448,5.685825981165324,4.131261772718839
120000,MS_38093,0.7169811320754716,0.4827367054020583,0.05675271619010559,4.12745754562232
120000,MS_2024,163.1427738927739,119.43387247314837,10.59216899834485,4.126529837888308
120000,MS_10077,13.03409467063886,5.125020713693446,1.9236367669575922,4.111521516327814
120000,MS_25277,56.00000000000001,6.559027777777779,12.081108719922048,4.092420105506777
120000,MS_39776,51.96576576576577,40.11281056900874,2.9167844324900747,4.063706273499992
120000,MS_39776,51.96576576576577,40.11281056900874,2.9167844324900747,4.063706273499992
120000,MS_49699,18.5149647887324,13.621261783321938,1.208624871415496,4.048984197784331
120000,MS_4460,14.851529311809688,10.398705241740792,1.1109272760876385,4.008204826647558
120000,MS_31826,92.24503058103976,66.5130339522722,6.454966339706449,3.986387422422681
120000,MS_69998,65.396288388898,52.98547982098914,3.121534849010093,3.975867375577946
120000,MS_15187,2.0628319652341864,1.5159283009297968,0.1384685244854224,3.9496605191453904
120000,MS_15187,2.0628319652341864,1.5159283009297968,0.1384685244854224,3.9496605191453904
120000,MS_66180,7.359543436905517,4.250471002775019,0.7910509904441099,3.9303059748209273
120000,MS_5770,5.000000000000001,0.33333333333333337,1.1881770515720094,3.927585253807475
120000,MS_491,23.249523809523808,16.816577622473964,1.638052688565249,3.927191250901938
120000,MS_65641,44.76666666666667,22.836745505839772,5.603892415420748,3.913337290430543
120000,MS_65641,44.70535714285714,22.836745505839772,5.603892415420748,3.9023967656551526
120000,MS_65641,44.70535714285714,22.836745505839772,5.603892415420748,3.9023967656551526
120000,MS_18587,22.925,6.946406111154513,4.096676635002737,3.900379578979099
120000,MS_71107,12.0,0.7192982456140351,2.8949414897103627,3.8966942145399264
120000,MS_10489,31.570850202429156,21.19587267358163,2.6627473049632253,3.896343265284354
120000,MS_13403,39.12222222222223,21.93869128317243,4.420390877238769,3.8873329115599886
120000,MS_67517,4.333333333333334,1.7149951159260117,0.6743101314856595,3.8829881016892385
120000,MS_59926,13.559183673469386,6.18727035894887,1.8994187481807823,3.88114170273467
120000,MS_49327,55.5,5.328175401608905,12.941797536283975,3.876727669222765
120000,MS_68082,12.979591836734691,7.391971218900798,1.4430591943914772,3.8720661214387215
120000,MS_56596,103.825,46.30570919568721,14.899392896878643,3.86051238479407
120000,MS_3394,9.908665105386415,6.665997378366415,0.8409420292103803,3.8559943662998624
120000,MS_13177,14.058737972700827,9.434725231508171,1.200649318268135,3.851260039744593
120000,MS_23770,8.169736842105262,4.5549419593603755,0.9427270411739485,3.834402456774228
120000,MS_49840,5.004283965728274,2.3431388461940785,0.6966972239937472,3.819657991859717
120000,MS_18837,25.76,16.733147720044457,2.3667437782870104,3.814038664755233
120000,MS_2274,3.738333333333333,2.410753107654279,0.3481990276668413,3.81270514904852
120000,MS_43157,4.824912456228113,3.2292943875470512,0.4196138546514168,3.8025867139362686
120000,MS_10489,31.30754162585701,21.19587267358163,2.6627473049632253,3.7974572102383672
120000,MS_68560,61.25000000000001,21.822612572612574,10.394720546503306,3.7930204329206774
120000,MS_6912,221.00000000000003,17.0,53.877432917482054,3.7863719363252453
120000,MS_54807,26.58620689655172,21.826127189335246,1.2575981662461713,3.7850561769065916
120000,MS_52081,11.810810810810809,4.937280311786912,1.8161810857199643,3.784606366109751
120000,MS_2345,8.04,4.633894886861021,0.9010703783191657,3.7800655698977055
120000,MS_36717,91.33333333333331,28.28912037037037,16.704643096856145,3.7740532735373447
120000,MS_57387,240.6955380577428,194.01237341690174,12.432766049238058,3.7548494402580697
120000,MS_17409,26.0873786407767,18.86076344958483,1.928796605652536,3.746696344245698
120000,MS_31512,57.08108108108108,8.123273909163371,13.07717530431606,3.743760103587463
120000,MS_45347,415.00000000000006,55.15573770491803,96.33987323462384,3.735153994013734
120000,MS_47159,12.102041912950028,9.529716055103767,0.6888147060417851,3.734423547121855
120000,MS_26734,49.64019008825526,36.66060788598773,3.4866058751253752,3.722698425671871
120000,MS_60017,353.5555555555556,30.039734903095336,86.95225219933263,3.7206146185934363
120000,MS_33942,1.9418931583880037,1.4628136462993913,0.12892164405087606,3.716051836102512
120000,MS_19240,26.85679434008295,19.865087669884176,1.8955594085743162,3.6884661269769223
120000,MS_60011,26.541082164328657,19.90492033146111,1.8010472078002535,3.6846129319246224
120000,MS_61242,13.833130116704409,11.381577232209652,0.6674299464242667,3.6731238950677407
120000,MS_49226,89.00000000000001,8.706687910854578,21.93040847110842,3.661277545054645
120000,MS_49226,89.00000000000001,8.706687910854578,21.93040847110842,3.661277545054645
120000,MS_49226,89.00000000000001,8.706687910854578,21.93040847110842,3.661277545054645
120000,MS_49226,89.00000000000001,8.706687910854578,21.93040847110842,3.661277545054645
120000,MS_48931,83.0,16.459409370648565,18.230007878515618,3.6500582486182402
120000,MS_13729,191.8117647058824,140.7210637729197,14.01855342958833,3.644505917788055
120000,MS_65803,57.31096774193549,46.13815995483062,3.0722115167682307,3.636731301254267
120000,MS_65803,57.31096774193549,46.13815995483062,3.0722115167682307,3.636731301254267
120000,MS_37572,16.51074870274277,14.916815208051407,0.43842709997109125,3.6355724698506617
120000,MS_45520,26.11542730299667,21.38920990025702,1.3020258565843277,3.6298951966577575
120000,MS_54653,325.6538461538462,292.2881760004712,9.197803344816428,3.6275694209290483
120000,MS_57096,0.2473867595818815,0.1358717544914134,0.03078662561207849,3.622189924144123
120000,MS_61689,22.46137430644473,16.454775139620594,1.6592899913364951,3.619981557284057
120000,MS_60746,44.18169398907104,33.21212406226013,3.0379159019288227,3.610886634434532
120000,MS_45520,26.077007700770075,21.38920990025702,1.3020258565843277,3.600387639620922
120000,MS_45520,26.077007700770075,21.38920990025702,1.3020258565843277,3.600387639620922
120000,MS_7199,9.758873929008567,6.869914228561289,0.805051348192845,3.5885409134862374
120000,MS_21549,235.3665024630542,190.14861323103233,12.64997298362404,3.574544332273156
120000,MS_20109,6.035714285714286,3.2285844275797313,0.7866673842679837,3.5683821577866333
120000,MS_41778,2.079254079254079,1.566782923195694,0.1439260225665415,3.560656696543209
120000,MS_19125,7.377777777777778,2.5297904096377697,1.363217070342036,3.556284229131338
120000,MS_19208,18.236804564907278,10.77501821895139,2.1032920561687054,3.54767010319435
120000,MS_43076,272.8321167883212,76.60711934330477,55.44720763197887,3.5389518395123787
120000,MS_491,22.59550561797753,16.816577622473964,1.638052688565249,3.5279255886239285
120000,MS_49052,11.08095238095238,3.7611354740530434,2.0869030181999415,3.5075021901176062
120000,MS_36339,2.6849953401677538,2.223264056723762,0.13177385239332434,3.5039674036833652
120000,MS_12652,479.0,43.291044776119406,124.50971961596132,3.499397127933341
120000,MS_38912,2.246463221026636,1.2885850875015312,0.2739128966365,3.497017282819913
120000,MS_7124,18.92144108081061,15.489302217821244,0.9832790771798348,3.490503299259821
120000,MS_43531,4.005186721991701,2.7209461206419667,0.3682200923208214,3.487698330787463
120000,MS_73179,7.173065204143814,5.576607782539561,0.4581623789631676,3.48447950968186
120000,MS_24930,13.108709079678814,9.95580680097431,0.9071681801360086,3.4755432870581946
120000,MS_31865,4.907894736842105,2.919044114440819,0.5728641296089765,3.4717667237409833
120000,MS_49800,0.5238287560581584,0.2924072513793345,0.06669911478217266,3.46963382399609
120000,UNAVAILABLE,151.859649122807,26.341501630885695,36.19122379208707,3.4681929578563984
120000,MS_60421,1.0,0.075,0.2667467828369185,3.4677081768799405
120000,MS_40608,68.0,41.57815935395307,7.649957591931615,3.453854525143245
120000,MS_1346,31.103630862329805,26.51766779121102,1.3284883374016596,3.4520160561501774
120000,MS_68477,399.5,114.89510582010583,82.53217051943892,3.448411599848338
120000,MS_5579,121.0,10.586206896551724,32.02735130364504,3.4474843722366155
120000,MS_68756,3.4823107926556203,2.6055621203073955,0.2543598480388503,3.4468831425560227
120000,MS_54121,4.111547525530244,2.687349130393359,0.4136948566683017,3.442630170959074
120000,MS_65803,56.70761670761671,46.13815995483062,3.0722115167682307,3.4403414918203543
120000,MS_65803,56.70761670761671,46.13815995483062,3.0722115167682307,3.4403414918203543
120000,MS_30652,15.147554002541298,13.2979974208657,0.5381981397171819,3.4365718592924215
120000,MS_52932,9.937943262411348,6.659358100299076,0.9543796058860508,3.43530513633348
120000,MS_62285,8.495652173913044,4.873616445228292,1.059841630218672,3.417525435321346
120000,MS_53357,17.00915586133898,13.151404562114097,1.1293677630074355,3.415850377163177
120000,MS_24612,3.0551348478809617,2.386087913022688,0.1964982292748966,3.4048496891149695
120000,MS_345,2.88235294117647,1.501638201623236,0.4058190535910178,3.4022915566323086
120000,MS_345,2.88235294117647,1.501638201623236,0.4058190535910178,3.4022915566323086
120000,MS_24612,3.054528403001072,2.386087913022688,0.1964982292748966,3.4017634278182265
120000,MS_40400,73.6,22.13948953837979,15.201222187691304,3.3852876976753015
120000,MS_48216,41.26086956521739,32.293340463117936,2.652985647991157,3.380164950718703
120000,MS_32641,4.388948127704949,3.3790662439436003,0.30006367962468844,3.365558554185837
120000,MS_13532,39.0,8.937766706102733,8.947795258414828,3.3597363848514146
120000,MS_10153,6278.25,1654.478516694034,1376.8890057822987,3.358129423568827
120000,MS_11848,96.76793248945148,84.38695788355052,3.6971778872449694,3.3487635660200556
120000,MS_36511,18.285714285714285,7.25254100959428,3.3145109327895765,3.328748494075476
120000,MS_34786,12.275862068965518,7.888930515784396,1.3198191883967894,3.323888296024863
120000,MS_59461,4.234286692926871,3.0236089791490808,0.36564653707308276,3.3110602481538316
120000,MS_73317,14.186028257456828,10.143512668213754,1.2226789856739542,3.3062771476478714
120000,MS_52805,54.70786516853933,47.07831770533279,2.3119451980418835,3.3000554985768815
120000,MS_57397,7.014234875444839,4.071686594909065,0.8942930093657733,3.2903626101501233
120000,MS_56540,60.99357601713062,36.81487519992956,7.356355612081214,3.286777052687992
120000,MS_72982,7.000000000000001,0.9365079365079365,1.8458586241692152,3.2849168317108375
120000,MS_14966,42.18830472103004,34.1778689256974,2.4395979531492586,3.283506524094279
120000,MS_11878,4.40901771336554,2.5666180449226514,0.5619571450094534,3.2785412282851136
120000,MS_36717,83.00000000000001,28.28912037037037,16.704643096856145,3.275189976368089
120000,MS_29860,17.995086569957884,14.648290707945186,1.0220839190511493,3.2744824565087502
120000,MS_1743,4.408366533864542,2.6513157963058616,0.536624881100356,3.274262523861782
120000,MS_64339,19.71889400921659,11.258040651639188,2.5888341149386696,3.26820992845957
120000,MS_64001,4.349764407393984,3.008809418980836,0.41048308293786423,3.2667728443662347
120000,MS_11147,22.722472924187723,16.493890170670806,1.9067605197612318,3.2665784134742166
120000,MS_2,11.006110899752713,3.5857091308831754,2.276195606840986,3.26000179710738
120000,MS_62825,3.058677098150782,2.513523281918026,0.1672311132172715,3.259882720056264
120000,MS_48974,131.74789915966386,87.90272390139532,13.461527405904267,3.2570728369975246
120000,MS_1400,24.79233621755253,20.078659881355325,1.449753436656571,3.251364140282993
120000,MS_19988,39.95426195426195,30.51427838916733,2.9035138490607335,3.2512273251764894
120000,MS_68841,14.000000000000002,2.275,3.6130941245063593,3.2451410331309694
120000,MS_72977,5.223858059645149,4.116044348916173,0.34150320224301467,3.2439335955059443
120000,MS_6102,371.00000000000006,76.1513605442177,90.98757103917826,3.240537538130606
120000,MS_64339,19.63114754098361,11.258040651639188,2.5888341149386696,3.2343157257655277
120000,MS_33622,122.66666666666669,12.320512820512821,34.1333483573685,3.232796053022821
120000,MS_63046,303.5,140.38092312312736,50.556394059655155,3.2264776772725643
120000,MS_49800,0.5070365358592692,0.2924072513793345,0.06669911478217266,3.2178730584487583
120000,MS_13403,36.13333333333333,21.93869128317243,4.420390877238769,3.2111735012510234
120000,MS_63343,74.0828373015873,64.93903416314193,2.850023399027174,3.2083256374549487
120000,MS_59433,18.27440347071584,13.746877052691207,1.4129795029177743,3.204240690452608
120000,MS_27426,18.0,2.1153846153846154,4.983948594211581,3.1871547397306568
120000,MS_70216,9.237894591420874,7.588683829849079,0.5175055251192073,3.1868466741333816
120000,MS_8828,26.45673469387755,24.23641765366329,0.697816220633579,3.1818077232402757
120000,MS_3843,20.08833922261484,16.648202775832278,1.0828373105944729,3.176965194239515
120000,MS_16981,14.000000000000002,1.1666666666666667,4.0414518843273814,3.1754264805429413
120000,MS_60042,268.5,22.541666666666668,77.4589211756591,3.1753390003400144
120000,MS_69216,2.108695652173913,1.044661714234645,0.33513409456013216,3.1749498341427373
120000,MS_2655,50.32014134275618,37.43641070963239,4.072806906933485,3.1633541504731593
120000,MS_12652,437.0,43.291044776119406,124.50971961596132,3.162074064886174
120000,MS_10535,28.30994152046784,14.335638063109956,4.430273854681778,3.154275314739351
120000,MS_27196,16.52841328413284,10.554672529266941,1.8939032833917375,3.1541952576203864
120000,MS_34433,397.00000000000006,30.993642695173307,116.34296576019511,3.145925969080375
120000,MS_10540,48.10416666666666,26.41207334018311,6.900305977689048,3.1436422379849818
120000,MS_61243,28.06382978723404,18.616406892635766,3.009994393292015,3.138684548932226
120000,MS_491,21.95269631031221,16.816577622473964,1.638052688565249,3.1355027366896913
120000,MS_14526,124.0,35.791365034941755,28.163204186107716,3.1320525314576817
120000,MS_14526,124.0,35.791365034941755,28.163204186107716,3.1320525314576817
120000,MS_14526,124.0,35.791365034941755,28.163204186107716,3.1320525314576817
120000,MS_19955,92.38132295719844,53.246096183176064,12.51859557676087,3.1261675108885045
120000,MS_18671,37.42424242424243,27.820980129680716,3.0773877391863134,3.1205889892512846
120000,MS_42666,3.7110091743119273,1.5881045128698876,0.680563826316523,3.1193322056683916
120000,MS_34752,94.6,35.69785462128433,18.88858632842326,3.1183988232131807
120000,MS_49576,16.019808306709265,13.170861434161859,0.9154155093419958,3.1121898673043464
120000,MS_64622,3.843809701318671,2.827986107143719,0.3265399605800249,3.110870695184043
120000,MS_64622,3.843809701318671,2.827986107143719,0.3265399605800249,3.110870695184043
120000,MS_59461,4.160235032555185,3.0236089791490808,0.36564653707308276,3.1085377219883914
120000,MS_60727,57.33586337760911,48.3511878911617,2.897766084062109,3.100552365445808
120000,MS_69405,0.7871621621621622,0.42779401239450926,0.1161008097841332,3.095311311228818
120000,MS_20599,2.0327552986512525,1.4826372243198502,0.1780612230518872,3.0894883507067528
120000,MS_24378,134.67307692307693,82.83366204249354,16.80590341637386,3.084595549328021
120000,MS_17114,80.00000000000001,15.730581039755352,20.849194025949657,3.08258529707444
120000,MS_17114,80.00000000000001,15.730581039755352,20.849194025949657,3.08258529707444
120000,MS_72289,14.25925925925926,5.387703590538328,2.882533617807035,3.077693739256442
120000,MS_38481,22.0,2.852661710270406,6.227631748203495,3.074577795203303
120000,MS_37870,1.830498177399757,1.5315126132066978,0.09737014060739778,3.070608323331758
120000,MS_34166,257.4457831325301,209.4397106885282,15.643323166895748,3.0687899196247432
120000,MS_32145,5.9266727772685615,3.480071968927473,0.798109865548704,3.0654937546211634
120000,MS_47879,42.34450027917365,35.572555740101315,2.2103356256948663,3.063763014245147
120000,MS_38566,7.856060606060606,4.09544696039317,1.2281749643369944,3.061952697999774
120000,MS_38566,7.856060606060606,4.09544696039317,1.2281749643369944,3.061952697999774
120000,MS_46139,25.054794520547944,19.26299073178503,1.891606500913462,3.061843880302819
120000,MS_8061,7.50655737704918,5.836516275349691,0.5455848485929841,3.0610107777119913
120000,MS_19988,39.3927813163482,30.51427838916733,2.9035138490607335,3.057847624888375
120000,MS_491,21.822289156626507,16.816577622473964,1.638052688565249,3.0558916505530633
120000,MS_37863,13.953813104189043,11.199069130152616,0.9017945854098557,3.0547355446633415
120000,MS_35312,15.252587991718428,13.487858139730896,0.5777841028727235,3.0543066920902695
120000,MS_62869,41.96715328467153,30.68457564512308,3.7001995077573318,3.049180893055887
120000,MS_17379,55.85964912280701,20.68142198175421,11.543210605521878,3.0475253673553127
120000,MS_28907,70.61244019138755,50.51055028468501,6.5978281049455205,3.0467435020980322
120000,MS_62869,41.94927536231884,30.68457564512308,3.7001995077573318,3.0443492826750926
120000,MS_53782,2.4795630725863287,1.8392319004829254,0.21042888342205385,3.0429813706662183
120000,MS_51982,0.1745972274260022,0.12105699781207069,0.017637007336202215,3.0356754177922998
120000,MS_52151,34.72486772486772,24.370725315639493,3.4184880591322697,3.0288660454927747
120000,MS_9788,2.176470588235294,1.4903076250877159,0.22681485816234978,3.025211702208837
120000,MS_11878,4.266062602965404,2.5666180449226514,0.5619571450094534,3.024153306235058
120000,MS_51982,0.1743589743589743,0.12105699781207069,0.017637007336202215,3.0221667163166894
120000,MS_1439,19.162234756916465,13.727983324716003,1.7994646750262056,3.019926707992377
120000,MS_48534,34.8743842364532,23.723545484217492,3.693964618729418,3.0186642004359996
120000,MS_57157,2.9429420040644048,2.2069395375061776,0.24396377158989008,3.016851484799423
120000,MS_61941,2.5223880597014925,1.5006078307968749,0.33882249071765375,3.015680059314845
120000,MS_71377,745.0000000000001,67.72727272727273,224.62595171043392,3.0151134457776365
120000,MS_49699,17.26422764227642,13.621261783321938,1.208624871415496,3.014141066522964
120000,MS_59568,767.3199999999999,367.59054261836854,132.61942010721776,3.014109525275147
120000,MS_50812,4.485584843492586,3.2780540689235784,0.40168583184100204,3.006157247405681
120000,MS_34319,52.90548780487805,45.23883761510199,2.550510868246752,3.0059272772463004
120000,MS_42006,5.081177765547606,3.7138263313474766,0.4550769397975281,3.004659903902159
120000,MS_11284,3.024710666249609,2.4617853773135674,0.18735632313070155,3.004570539865578
120000,MS_8655,13.76056338028169,9.34059032373647,1.4711417836753988,3.0044507644277942
120000,MS_63343,73.49636098981077,64.93903416314193,2.850023399027174,3.002546164915627
