index,n_rows,n_nodes,n_edges,density,avg_degree,file_size_mb
0,13332356,17690,52828,0.0001688235601094867,2.98631995477671,1361.6487874984741
1,12973858,17193,51419,0.00017395846248528698,2.990693887047054,1323.7670335769653
2,12880543,16849,50125,0.0001765760923079854,2.974954003204938,1312.7402868270874
3,12796067,16818,49880,0.00017636141412238985,2.96586990129623,1304.4021921157837
4,12677224,16534,48570,0.00017767998318328647,2.9375831619692754,1291.5605459213257
5,12868077,16591,48436,0.00017597433033131356,2.919414140196492,1316.3660612106323
6,12390627,16500,48090,0.00017664982450727042,2.9145454545454546,1273.66494846344
7,12559934,16356,47721,0.00017839467446981218,2.9176449009537784,1291.0182027816772
8,12578449,16323,47421,0.0001779907175481777,2.905164491821356,1292.6618204116821
9,12587892,16052,46395,0.00018006940653889748,2.8902940443558434,1295.085446357727
10,12608476,16379,47313,0.00017637305470637887,2.8886378899810734,1294.9816360473633
11,12040831,15954,46160,0.00018136515326797414,2.8933182900839913,1236.060676574707
12,12197497,16076,46515,0.00017999649410246896,2.8934436426971883,1253.2578887939453
13,12045369,16318,46817,0.00017583136137580834,2.869040323569065,1237.3954362869263
14,12349393,16555,48428,0.00017671133090437356,2.9252793717909995,1271.109146118164
15,13554708,17151,51795,0.00017608982672006308,3.019940528249082,1399.385856628418
16,15279224,18134,57306,0.0001742756946605894,3.1601411712804675,1586.0359964370728
17,16102618,19007,61524,0.00017031004505775303,3.236912716367654,1676.437222480774
18,14777934,18976,61212,0.00017000046657646189,3.2257588532883643,1535.6380338668823
19,11857473,17217,51724,0.00017450278783419086,3.0042399953534296,1220.351999282837
20,11308627,15687,43588,0.00017713926363954245,2.7786064894498628,1160.8391695022583
21,11292976,14934,41259,0.00018501012033473636,2.762756126958618,1158.3211107254028
22,11346612,14883,41289,0.00018641574147995542,2.774239064704697,1167.9669780731201
23,11375080,14879,41083,0.00018558541884324743,2.7611398615498355,1169.0051918029785
24,10802575,14606,39938,0.00018722052339710415,2.734355744214706,1105.9106197357178
25,11046743,14629,39547,0.0001848051000842962,2.703329004033085,1131.3664255142212
26,11023139,14650,39692,0.0001849512960499814,2.7093515358361775,1129.1150693893433
27,10745672,14424,38940,0.0001871779256255867,2.6996672212978368,1099.9841938018799
28,11081356,14364,39002,0.00018904549001985032,2.71526037315511,1134.9898824691772
29,10889147,14518,39249,0.00018622797771960105,2.7034715525554485,1115.3467864990234
30,10867403,14857,40288,0.00018253354751666118,2.7117183819075183,1112.6734437942505
31,11096108,14627,39731,0.00018571571966451676,2.716278115813222,1137.1580305099487
32,11237611,14510,39818,0.00018913615204688418,2.7441764300482427,1152.2103004455566
33,11095356,15167,41788,0.00018166900920336035,2.755192193578163,1136.3502645492554
34,11465006,15247,42723,0.00018378980857441598,2.802059421525546,1175.40221118927
35,12516997,15839,45724,0.00018227038824286315,2.8867984089904666,1286.8057975769043
36,13292914,16936,50387,0.00017568005373291612,2.9751417099669344,1371.9146976470947
37,14348716,17486,54207,0.00017729613242454742,3.1000228754432118,1486.792594909668
38,13575733,17665,54532,0.00017476269295298573,3.0870082083215395,1403.7869348526
39,10915324,16166,47009,0.00017988822202252925,2.9078931089941853,1118.9563694000244
40,10080797,14301,37150,0.000181658771967142,2.5977204391301307,1029.2839660644531
41,10113472,13774,35711,0.00018824063777326007,2.592638304051111,1041.0991315841675
42,9812980,13591,34929,0.00018911034327839663,2.5700095651534105,1000.5755844116211
43,9730433,13733,35292,0.0001871444946609731,2.569868200684483,992.8126449584961
44,9757158,13610,35198,0.00019003502296126052,2.5861866274797944,995.9939470291138
45,9913916,13687,35294,0.00018841526194157663,2.5786512749324175,1010.8773956298828
46,9821072,13562,35040,0.000190523539656371,2.5836897212800474,1001.7489900588989
47,9675046,13435,34474,0.00019100672690077153,2.5659843691849646,987.344898223877
48,9863306,13477,34646,0.0001907650762059292,2.5707501669511017,1007.291877746582
49,9683573,13490,34512,0.00018966116915625344,2.5583395107487026,988.2231960296631
50,9397206,13931,36021,0.0001856189692579307,2.5856722417629747,957.8283615112305
51,9813424,13922,36531,0.00018849051362449843,2.6239764401666426,1006.9000902175903
52,9957429,14214,37482,0.00018553279586934558,2.636977627691009,1016.6125631332397
53,10242086,14583,39475,0.00018563427618240147,2.706919015291778,1047.7717447280884
54,10630643,14644,39838,0.00018578375852435373,2.7204315760721114,1090.276035308838
55,11385694,15293,43416,0.0001856490925301657,2.838945922971294,1174.2853689193726
56,12401679,16320,48075,0.0001805117996705392,2.9457720588235294,1291.5420866012573
57,12696213,16534,49919,0.00018261492856756181,3.0191726140074997,1324.0263957977295
58,11764886,16347,48489,0.00018146533318294864,2.9662323362084786,1222.707513809204
59,9530892,14759,40816,0.0001873898236582609,2.7654990175486143,982.4033651351929
60,9084315,13390,33531,0.00018703280495492187,2.5041822255414488,933.2185506820679
61,9074544,13126,32895,0.0001909405541890686,2.506094773731525,932.4181852340698
62,9077007,12837,32125,0.00019496196199571427,2.5025317441769883,941.204062461853
63,8743388,12808,32093,0.00019565078182035345,2.5056995627732666,897.9813022613525
64,8675494,12680,31741,0.00019743145662006503,2.5032334384858044,890.3922605514526
65,8716266,12811,31650,0.0001928597295539895,2.470533135586605,894.3447761535645
66,8736439,13012,32183,0.0001900954814109738,2.47333230863818,896.945707321167
67,8646238,12755,31908,0.00019614295223911737,2.501607212857703,888.4597301483154
68,8796725,12770,31960,0.00019600131558830477,2.5027407987470633,903.6432809829712
69,9123043,12689,31669,0.0001967042677888137,2.4957837497044686,937.8108606338501
70,8994161,13405,33746,0.00018781101712583137,2.517418873554644,924.2929859161377
71,8804424,13053,33199,0.00019486668592383173,2.5433999846778517,904.4481964111328
72,8959911,13420,34730,0.00019285553804140735,2.5879284649776455,921.0057220458984
73,9363666,13885,36325,0.00018842786784102486,2.6161325171047896,964.7561531066895
74,9636924,14089,37252,0.0001876809020807087,2.6440485485130245,993.9127035140991
75,10678119,14781,41122,0.00018823309264288837,2.78208510926189,1105.4081478118896
76,12015185,15815,45952,0.0001837356742891728,2.905595953208979,1250.5371046066284
77,12198066,16116,47603,0.00018329336942598983,2.953772648299826,1270.6139335632324
78,11030144,15919,46191,0.00018228590191102917,2.9016269866197626,1144.7068910598755
79,9040149,14160,38136,0.00019021260957575046,2.6932203389830507,931.6233358383179
80,8435213,13045,32195,0.00018920541249130667,2.467995400536604,864.8099269866943
81,8447335,12524,30830,0.00019657219409993692,2.46167358671351,866.1793489456177
82,8369374,12510,30708,0.0001962328130939968,2.454676258992806,858.668683052063
83,8396975,12851,31535,0.0001909645633112474,2.4538946385495293,861.606448173523
84,8469061,12453,30742,0.00019825265774770897,2.4686420942744722,870.7291917800903
85,8527185,12607,31035,0.00019528221574205336,2.4617276116443247,877.6565275192261
86,8657742,12568,31161,0.0001972938733936704,2.479392106938256,892.0637540817261
87,8298422,12593,31396,0.00019799325798776292,2.4931311045819107,851.2714433670044
88,8513358,12690,31589,0.00019617644415802647,2.489282899921198,873.3113985061646
89,8570133,12731,31478,0.00019422995486458172,2.472547325426125,879.5213470458984
90,8874987,13243,33512,0.0001910998669816735,2.5305444385713205,911.5212574005127
91,9094425,13251,33847,0.0001927771916110283,2.554297788846125,934.7807359695435
92,9472848,13401,34778,0.0001936701092700812,2.595179464219088,975.2522649765015
93,9725939,13853,36267,0.000188997176095465,2.617988883274381,1002.5999917984009
94,10231486,14136,37677,0.00018856190878282003,2.6653225806451615,1056.4840755462646
95,11297163,14863,41218,0.000186596365406296,2.773195182668371,1171.0215787887573
96,12363850,16137,46598,0.00017895695966450381,2.887649501146434,1285.5281066894531
97,12382995,16062,47429,0.00018385344176906915,2.9528701282530196,1288.9920043945312
98,11554261,15876,46377,0.00018401271269662722,2.921201814058957,1199.4783840179443
99,9565198,14440,39800,0.00019088805921328413,2.7562326869806095,985.4265174865723
100,9742291,13132,32669,0.00018945547727273096,2.4877398720682304,1003.4675903320312
101,9577531,12671,31560,0.0001965845979953977,2.4907268566016887,985.1738176345825
102,9253778,12573,31092,0.0001967004579985307,2.472918157957528,950.6997327804565
103,9490645,12752,31749,0.00019525739954757404,2.4897271016311167,976.2989292144775
104,9678763,12604,31571,0.00019874948293406035,2.5048397334179624,996.4197816848755
105,9786044,12739,32166,0.00019822593519213625,2.5250019624774316,1007.3489217758179
106,9878097,12879,32399,0.000195344434280191,2.5156456246602996,1017.0249891281128
107,9711991,12721,32129,0.00019855866518938872,2.5256662212090246,1007.7590494155884
108,10051355,12796,32201,0.0001966775715496282,2.516489527977493,1034.5966787338257
109,10020610,12827,32698,0.00019874895743109515,2.549154128011226,1030.5600500106812
110,10844609,13725,35320,0.00018751138101707405,2.5734061930783243,1117.679063796997
111,10930748,13371,34800,0.00019466324014613838,2.6026475207538704,1128.0722360610962
112,10955812,13684,35987,0.00019219905650435425,2.6298596901490794,1131.1803827285767
113,11218459,14311,38213,0.000186595651622554,2.670183774718748,1158.343147277832
114,11481158,14581,39814,0.00018727981779847856,2.7305397435018173,1187.1883401870728
115,12496095,15237,42618,0.00018357884516268064,2.7970072848986023,1295.3481464385986
116,13809259,16499,48848,0.0001794559511870408,2.960664282683799,1437.4104585647583
117,14492431,16728,51479,0.0001839789031139127,3.077415112386418,1512.2735776901245
118,13957628,17088,52264,0.0001789969332972983,3.058520599250936,1462.1526193618774
119,11345365,15508,44296,0.00018419631235123764,2.8563322156306423,1172.4786968231201
120,11454031,14172,36951,0.00018399014194054464,2.607324301439458,1181.2846879959106
121,11215381,13867,36346,0.00018902659479266628,2.6210427633951108,1155.9064712524414
122,11081725,13657,35752,0.0001916997401265304,2.617851651167899,1141.571641921997
123,11168670,14018,37066,0.00018864034951424015,2.644171779141104,1150.8878192901611
124,10923667,13877,37055,0.0001924362734466111,2.6702457303451754,1125.190523147583
125,11500255,14146,37683,0.0001883253853653739,2.6638625759932135,1194.281940460205
126,11655318,14326,38385,0.00018704321875139332,2.6793941086137094,1206.9110841751099
127,11345854,14274,38425,0.00018860487669530997,2.6919574050721593,1169.987639427185
128,11586810,14379,38999,0.00018863675118709492,2.7122192085680505,1194.502914428711
129,11470093,14301,38894,0.00019018671001049857,2.719669953150129,1182.6243877410889
130,11789553,14977,41059,0.00018305757574719984,2.7414702543900646,1215.6628828048706
131,11728885,14704,40333,0.00018656023283501543,2.742995103373232,1209.490629196167
132,11878898,14836,41253,0.00018743520325085783,2.780601240226476,1225.137209892273
133,12129631,15302,42779,0.00018271012533566938,2.795647627761077,1251.6468715667725
134,12584299,15859,45740,0.0001818745566410055,2.884166719213065,1300.2178401947021
135,13788048,16563,49244,0.00017951532946228524,2.9731328865543682,1438.166485786438
136,15415374,17842,56185,0.00017650526191134694,3.1490303777603406,1611.449381828308
137,16572479,18747,60904,0.00017330273821797903,3.2487331306342346,1734.3088884353638
138,15282244,18872,60809,0.00017074776158667145,3.2221810089020773,1592.8489837646484
139,12355417,17365,52429,0.00017387895021674094,3.0192340915634897,1277.585925102234
140,12019591,15856,45014,0.0001790555236803257,2.8389253279515643,1239.4907341003418
141,11888347,15511,44005,0.00018291546678401855,2.837018889820128,1225.585350036621
142,12020559,15516,44343,0.00018420165202001206,2.8578886310904874,1239.5466442108154
143,12169229,15839,45310,0.00018062005273563402,2.8606603952269714,1255.6824789047241
144,12059527,15635,44842,0.0001834496895506129,2.868052446434282,1243.9342231750488
145,12300704,15774,45066,0.0001811310365969339,2.8569798402434388,1268.995385169983
146,12675702,15850,45514,0.0001811815093270819,2.8715457413249212,1309.4012784957886
147,12429307,15643,45280,0.00018505213128601922,2.8945854375759126,1282.7336740493774
148,12670471,16106,46447,0.00017906439691128855,2.883832112256302,1308.0008554458618
149,12563862,16013,46291,0.00018054201183871356,2.890838693561481,1296.342625617981
150,12867332,16655,48618,0.0001752806164507301,2.9191233863704595,1329.2050485610962
151,12889353,16437,47864,0.00017717004769629116,2.9119669039362415,1333.2939205169678
152,12969681,16399,48449,0.00018016754864313706,2.9543874626501614,1341.726996421814
153,12964924,17040,50345,0.00017339742821425688,2.954518779342723,1341.5337057113647
154,13426746,17312,51402,0.00017151836079994012,2.969154343807763,1396.9423971176147
155,14895087,18315,56628,0.0001688266840609311,3.091891891891892,1551.213459968567
156,16444992,19482,63149,0.00016638788153022636,3.24140232009034,1720.3715324401855
157,17391111,20400,68443,0.00016447124955183307,3.355049019607843,1824.1631183624268
158,16304842,20519,68868,0.00016357851220616406,3.3563039134460744,1706.0405521392822
159,13757117,19049,60187,0.00016587507506503763,3.159588429838837,1429.4804286956787
160,13727435,17979,54076,0.00016730065869421297,3.007731242004561,1422.5425128936768
161,13585315,18011,53990,0.0001664415641363716,2.9976125700960523,1406.9430923461914
162,13806797,17885,54116,0.00016918898399507728,3.025775789767962,1429.3504629135132
163,13976760,18067,54116,0.00016579737018458993,2.9952952897548015,1448.1557178497314
164,14015724,17847,54131,0.00016995734491681919,3.033058777385555,1452.00839138031
165,14036714,18113,55030,0.0001677423473642791,3.038149395461823,1455.011227607727
166,14239285,18259,55527,0.000166561268152807,3.0410756339339504,1478.735421180725
167,14209575,18247,55531,0.00016679243605088014,3.043294788184359,1475.4975728988647
168,14432492,18509,56707,0.00016553667435288666,3.0637527689232265,1498.5272645950317
169,14285413,18383,56476,0.000167130141390691,3.0721862590436815,1484.5949239730835
170,14529812,19002,58998,0.00016340356141327512,3.1048310704136406,1509.5709686279297
171,14698654,19015,58800,0.00016263256317134163,3.0922955561398897,1527.8434047698975
172,14917499,19066,59323,0.00016320246241684406,3.111454945977132,1551.2989654541016
173,14869015,19627,61280,0.00015908639466517276,3.1222295816986803,1545.7809677124023
174,15145722,19890,63062,0.00015941163249903227,3.1705379587732527,1576.9267740249634
175,16167340,20705,67641,0.00015779038133013738,3.2668920550591642,1687.9751062393188
176,18141731,22022,74858,0.00015436343156577148,3.399237126509854,1903.583706855774
177,19363213,22850,79944,0.00015312019458354358,3.4986433260393874,2038.328917503357
178,18049967,22917,79111,0.0001506399961496363,3.4520661517650653,1895.2160177230835
179,15156330,21326,69603,0.0001530486538510802,3.263762543374285,1580.0519323349
180,14964245,20442,64631,0.00015467330070124196,3.1616769396340865,1557.5634860992432
181,14974073,20171,64087,0.00015752033057369407,3.1771850676714095,1558.8130645751953
182,15035642,20296,64070,0.00015554469874436803,3.156779661016949,1562.6112413406372
183,15285241,20530,64570,0.00015320538915675511,3.1451534339990257,1590.0028734207153
184,15269635,20409,64810,0.00015560367512975872,3.175559802048116,1588.8419857025146
185,15270670,20489,65017,0.0001548840151539681,3.1732637024744985,1589.3677625656128
186,15213053,20669,65382,0.00015305244899696034,3.163288015869176,1592.3770418167114
187,15214666,20524,65148,0.00015466720469240185,3.1742350419021634,1583.2615823745728
188,15325431,20596,65147,0.00015358533238032959,3.163089920372888,1595.081446647644
189,15050664,20662,65270,0.00015289381517274558,3.158939115284096,1567.618821144104
190,15272182,21179,67469,0.00015042287289864526,3.1856556022475093,1591.4178581237793
191,15347851,20805,65870,0.00015218543787518725,3.1660658495553955,1599.7966499328613
192,15389336,20961,66307,0.00015092323402494855,3.163350985162922,1604.781909942627
193,15552823,21146,67813,0.00015166209132301976,3.206894921025253,1623.3087425231934
194,15722705,21526,69385,0.00014974733307413242,3.2233113444207007,1642.1413774490356
195,16711228,22208,73261,0.00014855028900848954,3.2988562680115274,1750.0604400634766
196,18603077,23365,79630,0.0001458692442236567,3.408089022041515,1958.183219909668
197,19962742,24334,85783,0.00014487454014792988,3.5252321854195774,2107.958917617798
198,18738242,24004,84161,0.0001460702403589875,3.506123979336777,1974.592532157898
199,15823526,22585,74355,0.00014577707030495493,3.292229355767102,1655.964204788208
200,15528407,21707,69579,0.00014767214314635776,3.205371539134841,1623.962215423584
201,15353941,21593,68949,0.0001478843154936091,3.1931181401380075,1601.2447862625122
202,15449561,21458,68468,0.0001487063109131341,3.1907913132631185,1607.3682880401611
203,15478961,21334,68347,0.00015017416727383857,3.2036655104527982,1611.3610429763794
204,15505705,21319,68414,0.0001505329927178372,3.2090623387588537,1613.6148567199707
205,15721574,21360,68623,0.0001504137490480642,3.212687265917603,1636.312635421753
206,15553778,21439,68322,0.0001486523503239432,3.1868090862446943,1620.4754495620728
207,15569985,21543,69026,0.0001487375091015155,3.204103421064847,1622.8724374771118
208,15600544,21421,68708,0.00014974354119283366,3.207506652350497,1626.8289012908936
209,15763868,21284,68005,0.00015012559776169654,3.1951230971621873,1645.5867586135864
210,15993120,21793,70197,0.00014781021307613829,3.221080163355206,1668.84401512146
211,15716909,21533,69259,0.00014937822862539014,3.2164120187619005,1639.6486415863037
212,15802746,21718,69793,0.00014797631444377188,3.2136016207753935,1648.955756187439
213,15867211,21949,70680,0.00014671916638802894,3.2201922638844596,1656.4215784072876
214,16137974,22358,72954,0.0001459495062881943,3.2629931120851596,1686.9330768585205
215,17058130,22851,75442,0.00014448467270655575,3.301474771344799,1787.3741426467896
216,19054683,23976,82548,0.00014360554506539908,3.442942942942943,2006.7292785644531
217,20406159,24687,87109,0.00014293677739735583,3.5285372868311256,2155.065450668335
218,19032452,24668,85392,0.0001403352949926062,3.4616507215826173,2004.427101135254
219,16166024,22796,75585,0.00014545791985225316,3.3157132830321108,1690.838171005249
220,15713592,21799,70219,0.0001477751540264351,3.2212028074682326,1640.291018486023
221,15718831,21618,69829,0.0001494255584567597,3.2301322971597743,1640.7835636138916
222,15908577,21874,69782,0.000145850140470895,3.1901801225198865,1657.0841903686523
223,15686593,21750,69821,0.00014760039172100924,3.21016091954023,1634.0882139205933
224,15764125,21638,69743,0.0001489657622156827,3.2231721970607263,1646.4751834869385
225,15995829,21719,69311,0.00014694083745215073,3.1912611077858095,1669.9404954910278
226,15992917,21628,69547,0.0001486845215682412,3.2156001479563527,1666.9876613616943
227,16142131,21488,69086,0.000149629859832129,3.215096798212956,1682.5074062347412
228,16031991,21611,69050,0.00014785433172829124,3.1951321086483735,1672.2918128967285
229,15836163,21460,68818,0.00014943862039606772,3.206803355079217,1652.2445268630981
230,15668786,21937,70413,0.00014632487961098865,3.2097825591466473,1651.0739641189575
231,15677681,21479,68956,0.00014947348660164937,3.210391545230225,1636.2516441345215
232,15698571,21491,69411,0.0001502917916075943,3.229770601647201,1638.5894412994385
233,15841046,21900,70625,0.0001472617856865089,3.2248858447488584,1661.446307182312
234,16267722,22252,72697,0.00014682428821636255,3.266987237102283,1700.6993255615234
235,17278711,22892,76222,0.000145456066004956,3.3296348069194477,1811.3319644927979
236,18929153,23635,81230,0.00014541982423983232,3.4368521260841973,1992.0026025772095
237,20302500,24332,85918,0.0001451263900220771,3.5310701956271577,2142.8877029418945
238,18684051,24219,84218,0.00014358545263214325,3.4773524918452456,1964.843635559082
239,15805244,22189,73093,0.00014846357012765994,3.2941096939925187,1651.3482160568237
240,15222772,20870,66684,0.00015310788409399792,3.1952084331576427,1586.2565279006958
241,15052003,20701,65736,0.00015340573759301692,3.1754987681754505,1575.225133895874
242,15344380,20359,64358,0.00015527837841446498,3.1611572277616777,1594.461513519287
243,15350816,20395,64796,0.00015578372066850824,3.177053199313557,1595.9079666137695
244,15265973,20350,64751,0.00015636480032764862,3.1818673218673217,1586.7112197875977
245,15555440,20374,64739,0.0001559677114578402,3.177530185530578,1617.9244232177734
246,15317500,20299,64366,0.0001562171207993944,3.170895117986108,1591.9887523651123
247,15325314,20137,63666,0.00015701443917271577,3.1616427471818045,1594.6481466293335
248,15465118,20337,64378,0.00015566287907143854,3.1655603087967745,1610.212724685669
249,15342971,20095,63939,0.00015834758025684358,3.181836277681015,1598.08975315094
250,15746256,20256,64679,0.00015764396909389488,3.1930785939968405,1641.811773300171
251,15474883,19999,63650,0.00015914887153498588,3.182659132956648,1611.6202640533447
252,15592280,20256,64247,0.00015659104318829084,3.171751579778831,1624.6686868667603
253,15660024,20713,66144,0.00015417906667847438,3.1933568290445615,1633.342176437378
254,16129733,21127,68471,0.00015340925571312078,3.2409239361953897,1684.475019454956
255,17039613,21454,71858,0.00015612728818937283,3.349398713526615,1782.4446659088135
256,18922147,22763,77917,0.00015038077039475966,3.4229670957255194,1990.1326532363892
257,20349391,23314,82235,0.00015130097997148885,3.5272797460753194,2147.3164405822754
258,18838840,23147,79929,0.00014918794063605237,3.4531040739620686,1981.3761596679688
259,15921384,21631,71032,0.00015181718212203496,3.2838056492996164,1662.91663646698
260,15338361,20931,66968,0.00015286502190678023,3.19946490850891,1599.6107892990112
261,15407053,20430,64997,0.00015573199127371816,3.181448849730788,1606.3619327545166
262,15501559,20343,65074,0.00015725296901913523,3.198839895787249,1619.479019165039
263,15667419,20514,65249,0.00015505805388841632,3.180705859413084,1633.4611158370972
264,15444200,20397,64861,0.00015590941463258497,3.179928420846203,1608.8602380752563
265,15398275,20383,64282,0.00015472998332545049,3.1537065201393317,1603.3975238800049
266,15366422,20532,64973,0.00015413155549690114,3.164474965906877,1599.7966794967651
267,15476240,20541,65224,0.0001545914274948334,3.175307920743878,1612.5530252456665
268,15596283,20736,65992,0.00015348370233427705,3.1824845679012346,1625.7795934677124
269,15170697,20467,65211,0.00015568031466717982,3.186153319978502,1581.0203075408936
270,15576305,21076,67472,0.00015190351047229627,3.201366483203644,1624.7313718795776
271,15571241,20856,66756,0.00015347904692353554,3.2008055235903337,1624.3422594070435
272,15725101,20978,67314,0.00015296706684088165,3.2087901611211747,1640.9415483474731
273,15708144,21738,70076,0.00014830306070335312,3.2236636305087862,1639.6441774368286
274,16185339,21738,70698,0.00014961941014906185,3.2522771184101575,1693.3060026168823
275,17348670,22407,74486,0.00014836334176422574,3.3242290355692417,1821.090467453003
276,18945289,23497,80492,0.00014579625483814544,3.425628803677065,1994.1619358062744
277,20708143,24495,86121,0.00014353965786189762,3.5158603796693204,2187.5547761917114
278,19121113,24326,84839,0.0001433745241389252,3.4875852996793553,2013.2310953140259
279,16229627,22681,74944,0.00014569062964930285,3.3042634804461883,1697.8229932785034
280,15689227,21732,69985,0.00014819227279646064,3.220366280139886,1637.7026863098145
281,15661905,21754,69521,0.0001469121540210954,3.1957800864208883,1632.9021730422974
282,15953493,21463,68940,0.0001496616961833441,3.212039323486931,1659.4815874099731
283,15934848,21556,68995,0.00014849143932163506,3.2007329745778437,1658.2555150985718
284,15885519,21392,68719,0.0001501738633045507,3.212369109947644,1652.6543865203857
285,15804592,21290,68051,0.0001501424810246852,3.1963832785345234,1643.3311862945557
286,15864270,21299,68197,0.00015033746889635553,3.20188741255458,1650.5539503097534
287,15889483,21413,68807,0.0001500713782895451,3.21332835193574,1655.9652376174927
288,15849647,21435,68581,0.00014927156949801626,3.1994868206204807,1651.5338315963745
289,15939585,21262,67828,0.00015004489025099364,3.1901044116263755,1661.5690784454346
290,16029118,21697,69590,0.00014783166738791695,3.207355855648246,1670.1836519241333
291,16247330,21392,68572,0.00014985261942868276,3.2054973821989527,1694.1386499404907
292,16126889,21595,69205,0.00014840590018369907,3.2046770085667977,1682.4534578323364
293,16330805,21941,70756,0.00014698405772637044,3.224830226516567,1704.8246908187866
294,16632981,22157,72353,0.00014738532009211976,3.2654691519610055,1736.8524312973022
295,17494047,22946,75786,0.00014394412173753202,3.302797873267672,1830.9781675338745
296,19424294,23929,81382,0.00014213381364649202,3.400977892933261,2043.0438022613525
297,20605953,24952,87914,0.00014120976247783586,3.5233247835844823,2173.042754173279
298,19597316,24846,86714,0.00014047328484498927,3.490058761973758,2060.4740056991577
299,16358594,22792,75378,0.00014511048471822462,3.3072130572130574,1708.1766529083252
300,16029919,21858,70182,0.0001469010048106594,3.2108152621465824,1671.0925521850586
301,15968138,21482,68184,0.0001477587702937138,3.1740061446792662,1663.1644821166992
302,16087700,21511,68978,0.00014907663710096017,3.206638464041653,1674.2613620758057
303,16058877,21769,69767,0.000147228890892374,3.2048784969451973,1671.559287071228
304,15977740,21507,68811,0.0001487710378508104,3.1994699400195286,1663.2694311141968
305,16150235,21566,69504,0.00014944821625972253,3.2228507836409164,1680.9744033813477
306,16188394,21594,68722,0.00014738378595888685,3.1824580902102437,1685.4575080871582
307,16132830,21383,68466,0.00014974695310793562,3.2018893513538793,1680.381492614746
308,16212665,21386,68403,0.00014956718924914462,3.198494342092958,1690.8282976150513
309,16034165,21191,67986,0.00015140390678912213,3.208248784861498,1671.0881824493408
310,16102362,21783,70035,0.00014760453053154032,3.215121884038011,1678.7645959854126
311,16094309,21766,70093,0.00014795762517932155,3.2202977120279335,1678.6516466140747
312,16108144,21653,69115,0.00014741993590539952,3.19193645222371,1694.4287242889404
313,16175415,21884,70926,0.0001481057437005277,3.2409979893986476,1693.4928674697876
314,16284310,22145,72554,0.00014795498533705205,3.27631519530368,1711.2813835144043
315,17255031,22851,76241,0.0001460148979589687,3.336440418362435,1808.4764547348022
316,20070957,23845,82078,0.00014436114748662138,3.442147200671,2117.314203262329
317,21021666,24831,87813,0.00014242554335045545,3.536426241391809,2221.5602283477783
318,19982789,24919,87165,0.0001403777712458725,3.497933303904651,2105.342526435852
319,16672898,22954,76283,0.00014478712026558426,3.3232987714559554,1744.533387184143
320,15653273,21922,71050,0.00014785075506537832,3.241036401788158,1634.6702861785889
321,15826832,21716,69676,0.0001477554618689925,3.2085098544851722,1651.308557510376
322,16158324,21546,69393,0.00014948668440136726,3.2206906154274577,1682.562798500061
323,15974688,21814,70113,0.00014734922024956448,3.21412854130375,1662.9177207946777
324,15840640,21315,68599,0.00015099671057895514,3.2183438892798497,1648.8599786758423
325,16175119,21552,69278,0.000149155865386149,3.214458054936897,1684.7725324630737
326,16205037,21542,69014,0.00014872545876386348,3.203695107232383,1689.0235176086426
327,15713225,21513,68723,0.00014849791067028805,3.1944870543392367,1637.4818391799927
328,16041283,21610,69752,0.00014937132322858347,3.22776492364646,1673.6342964172363
329,15801092,21629,69290,0.00014812138348356405,3.2035692819825234,1648.464940071106
330,15895192,21890,70487,0.0001471083566883963,3.220054819552307,1657.5349531173706
331,15920885,21533,69213,0.0001492790155481472,3.2142757627827057,1661.4731674194336
332,16014426,21829,70053,0.00014702085788455526,3.2091712859040724,1671.2190113067627
333,16334321,22163,71795,0.00014616948029869334,3.2394080223796418,1705.568615913391
334,16359505,22469,73544,0.00014567971651136016,3.27313187057724,1709.7393836975098
335,17343800,22944,76612,0.00014553835467936396,3.3390864714086472,1817.5323638916016
336,19303440,24086,82722,0.00014259677164370403,3.4344432450386115,2031.020378112793
337,20648302,24867,87702,0.00014183394207816972,3.526842803715768,2181.6245918273926
338,19298521,24639,86059,0.00014176459022090167,3.4927959738625756,2030.822808265686
339,16241295,22831,75620,0.00014507942561363255,3.312163286759231,1698.1433629989624
340,15588291,22048,70888,0.00014583239935424933,3.215166908563135,1625.7906322479248
341,15820519,21706,69927,0.0001484244019675896,3.221551644706533,1650.0612201690674
342,16112371,21743,69721,0.00014748391252183624,3.206595226049763,1678.6432905197144
343,15834191,21710,69849,0.00014820421343503053,3.217365269461078,1649.716284751892
344,15806662,21675,69531,0.0001480063335497094,3.2078892733564013,1646.7639656066895
345,15869365,21654,69633,0.00014851109422214104,3.21571072319202,1652.4767971038818
346,15836643,21613,68935,0.00014758076852365684,3.1895155693332717,1651.196436882019
347,15546120,21541,68922,0.00014854098920514213,3.1995729074787613,1619.09690284729
348,15611874,21430,68653,0.00014949802108328654,3.203593093793747,1627.5516777038574
349,15534148,21441,68509,0.00014903141004088275,3.1952334312765265,1620.2528409957886
350,15815253,21655,69509,0.0001482329392063254,3.2098360655737705,1649.0809297561646
351,15901983,21595,68864,0.00014767464648869668,3.188886316276916,1658.0806856155396
352,15788076,21643,69824,0.0001490698698960174,3.2261701242896086,1646.7918138504028
353,15708239,21988,70924,0.00014670385172034156,3.2255775877751502,1639.4385995864868
354,16523513,22274,72681,0.00014650213765003911,3.2630421118793214,1727.3214769363403
355,17074747,22977,76163,0.0001442700875757676,3.3147495321408367,1788.501226425171
356,18967966,24147,82857,0.0001421087522845375,3.4313579326624426,1994.1726322174072
357,20045298,24901,87294,0.00014078884914381433,3.5056423436809765,2114.472333908081
358,18564350,24487,84850,0.0001415136785387153,3.465103932698983,1952.588451385498
359,15637193,22680,74982,0.00014577735597180898,3.306084656084656,1632.508867263794
360,15470332,21553,68768,0.0001480440939930506,3.1906463137382266,1612.2205219268799
361,15431664,21202,67604,0.00015039701506107175,3.188567116309782,1605.5731687545776
362,15636457,21299,68048,0.00015000900455238795,3.1948917789567584,1628.9043226242065
363,15650763,20957,66711,0.00015190076030120592,3.1832323328720715,1625.9047660827637
364,15458778,20960,66099,0.00015046415593658138,3.1535782442748093,1605.321858406067
365,15693031,20898,66271,0.00015175215125407646,3.171164704756436,1630.921898841858
366,15368311,20753,65931,0.00015309070325676967,3.1769382739844843,1597.1649265289307
367,15403899,20769,65713,0.00015234949993994396,3.1639944147527563,1601.2008953094482
368,15611719,20741,65768,0.00015288898295025616,3.170917506388313,1625.3918285369873
369,15414819,20682,65685,0.00015356849772919922,3.175950101537569,1604.0914001464844
370,15522281,20936,66895,0.0001526254590627923,3.195213985479557,1621.3240413665771
371,15556306,20832,66021,0.00015213915940152117,3.1692108294930876,1619.2608003616333
372,15580228,20600,65892,0.00015528136204179957,3.1986407766990292,1622.5421199798584
373,15907192,21115,67724,0.00015190812317495873,3.2073881127160786,1659.4223184585571
374,15954626,21250,68608,0.00015194182148364074,3.2286117647058825,1664.1385021209717
375,17113686,22135,73411,0.00014983791049155004,3.3165123108199683,1790.9764804840088
376,18909303,22903,78569,0.00014979090414509632,3.430511286730996,1986.6182622909546
377,20120692,23495,82489,0.00014943888722350503,3.5109172164290277,2120.240001678467
378,18734144,23350,80713,0.00014804315083763429,3.456659528907923,1968.0957126617432
379,15778612,21680,70843,0.00015072955632919032,3.2676660516605165,1646.0808095932007
380,15466352,20446,65130,0.00015580651256869106,3.1854641494668883,1610.794870376587
381,15448632,20290,64179,0.0001559014867010049,3.163085263676688,1608.7670583724976
382,15806301,20018,63507,0.00015849002121800227,3.172494754720751,1644.8022842407227
383,15699939,20365,64670,0.00015593922021130477,3.17554628038301,1633.917965888977
384,15599528,20340,64179,0.00015513593266695876,3.155309734513274,1622.7584085464478
385,15780701,20212,64063,0.00015682315278541252,3.1695527409459725,1641.7498540878296
386,15516777,20279,64251,0.00015624575878400834,3.1683514966221216,1614.4059782028198
387,15673530,20129,63423,0.00015653950540476565,3.150827164787123,1631.2521629333496
388,15873344,20086,63538,0.0001574955349453164,3.1632978193766803,1652.451400756836
389,15687972,19996,63863,0.00015972937023013504,3.1937887577515505,1633.3404989242554
390,15617878,20591,65573,0.00015466472300112538,3.184546646593172,1627.3129997253418
391,15851389,20259,64318,0.00015671766781693506,3.174786514635471,1651.6213150024414
392,15707124,20187,63963,0.0001569664271185686,3.1685242978154258,1636.9306173324585
393,15763929,20788,66468,0.0001538183282522003,3.1974215893784876,1644.0800094604492
394,16206893,20867,67271,0.00015450006430938,3.223798341879523,1692.2836475372314
395,17082292,21569,71764,0.00015426476866114449,3.3271825304835643,1788.1477098464966
396,18870872,22524,76542,0.00015087874063548275,3.398241875332978,1984.0575981140137
397,20720228,23342,81954,0.00015042244103563837,3.511010196212835,2187.4698038101196
398,19239752,23326,81019,0.00014891037412860763,3.473334476549773,2033.5239162445068
399,16372833,21555,70949,0.00015271101823050872,3.291533286940385,1711.3848457336426
400,15967242,20413,65475,0.00015713868405780422,3.2075148189879,1666.7990045547485
401,15921801,20333,64717,0.00015654414010657242,3.18285545664683,1660.220160484314
402,16151469,20266,64838,0.000157875581681962,3.19934866278496,1680.6665878295898
403,16248518,20242,64255,0.00015682725557974924,3.1743404801897044,1691.1010007858276
404,16168166,20143,64031,0.00015782054546710313,3.1788214267983914,1682.779637336731
405,16255735,20011,63821,0.0001593851018121942,3.189295887262006,1696.8656797409058
406,16047392,20012,63465,0.00015848019547673724,3.171347191684989,1669.8566122055054
407,15995252,20087,63725,0.00015794333581510293,3.1724498431821577,1664.6807975769043
408,16374571,19959,63476,0.00015935061906470344,3.1803196552933515,1714.2378587722778
409,16189000,19933,62991,0.0001585458788446413,3.16013645713139,1686.739694595337
410,16379372,20219,64492,0.0001577640261042857,3.189673079776448,1706.445382118225
411,16463070,20154,64097,0.0001578108082477374,3.180361218616652,1716.697151184082
412,16258477,19932,63380,0.00015954098432689306,3.1798113586193058,1695.7756843566895
413,16233122,20498,65404,0.00015566913778133912,3.190750317104108,1693.630630493164
414,16597696,20534,66386,0.00015745285388005638,3.2329794487191976,1734.524531364441
415,17506423,21215,69931,0.00015538322748590223,3.2962997878859297,1833.5014343261719
416,19340491,22476,76416,0.00015127444802821193,3.399893219434063,2034.1556491851807
417,20863666,23250,81355,0.00015050710933572353,3.4991397849462365,2200.0050230026245
418,19865624,23068,80489,0.00015126396264155797,3.489205826252818,2090.3362007141113
419,16916258,21326,70157,0.0001542668334443951,3.2897402232017257,1769.4169702529907
420,16436297,20431,65232,0.00015627974851207578,3.192795262101708,1716.2295370101929
421,16198446,20128,64231,0.00015854954978651857,3.1911267885532593,1690.373447418213
422,16205568,19786,63416,0.00016199618454741449,3.2050945112705955,1692.5844259262085
423,16112655,19810,63241,0.00016115793765850037,3.1923775870772335,1689.0564041137695
424,16063529,19804,63374,0.0001615947378588815,3.20006059381943,1673.9732704162598
425,16319317,19831,63414,0.00016125671912532304,3.197720740255156,1705.9612245559692
426,16326637,19747,62838,0.0001611543731023334,3.1821542512786753,1702.1043634414673
427,16232761,19702,62623,0.0001613374852017563,3.178509795959801,1698.1882667541504
428,16296403,19764,62778,0.00016072364010181241,3.176381299332119,1698.558391571045
429,16293590,19645,62541,0.00016206262254591386,3.1835581572919316,1699.4657163619995
430,16365632,19890,63283,0.0001599702885959256,3.181649069884364,1712.2854614257812
431,16224575,19550,62264,0.00016291673922135983,3.184859335038363,1700.3297185897827
432,16375789,19772,63227,0.00016174219699230066,3.1978049767347763,1710.2888298034668
433,16395232,20017,64083,0.00015994348448902367,3.2014287855322974,1713.6291284561157
434,16642476,20191,65534,0.0001607579757937747,3.245703531276311,1741.7057428359985
435,17361518,20796,68306,0.0001579501782414091,3.2845739565301018,1819.550498008728
436,19320467,21803,74525,0.00015677954315528747,3.4181075998715773,2034.0126600265503
437,20860225,22529,78759,0.0001551799618622866,3.4958941808335924,2203.2626152038574
438,19733983,22291,77721,0.00015642233317492051,3.4866538064689787,2077.2915754318237
439,16370040,20653,68032,0.00015950267725450089,3.2940492906599523,1712.0224123001099
440,15730341,19611,62469,0.00016243784546710418,3.185406149609913,1642.501368522644
441,15780981,19244,61012,0.00016475823600260075,3.170442735398046,1647.9685258865356
442,15760550,18955,60382,0.00016806714736509475,3.185544711158006,1642.6525135040283
443,15792941,19223,61078,0.00016529703700013878,3.1773396452166676,1647.09126663208
444,15840021,18708,59490,0.0001699857287422774,3.179923027581783,1659.3345527648926
445,15977518,18974,60367,0.0001676890447377882,3.1815642458100557,1665.222472190857
446,15857660,18936,60067,0.000167526065033146,3.1721060414026194,1658.3931732177734
447,15761800,18909,59709,0.00016700352661639997,3.1577026812628906,1642.9867038726807
448,15778933,18762,59649,0.00016946033169974243,3.1792452830188678,1649.360860824585
449,15581165,18609,59015,0.00017042750188785675,3.1713149551292386,1624.5261526107788
450,15620531,19066,60340,0.00016600031323824437,3.164795971887129,1634.014307975769
451,15600927,18759,59411,0.0001688381743660722,3.1670664747587827,1626.8051414489746
452,15730961,18828,59494,0.0001678370574856958,3.1598682812831953,1646.5678081512451
453,15759341,19278,61075,0.00016434710273858217,3.1681190994916486,1645.2985610961914
454,16196721,19415,62417,0.00016559623971815343,3.2148853978882306,1693.0817232131958
455,17058025,20024,65416,0.00016315635740432661,3.2668797443068316,1786.3278884887695
456,19328659,21222,71264,0.00015824064329475636,3.3580246913580245,2053.0498933792114
457,20230483,21698,75654,0.00016069875098279667,3.4866808000737395,2143.7447566986084
458,18810592,21701,75026,0.00015932073889860882,3.457260034099811,1979.7864418029785
459,15653467,19982,64655,0.00016193694489196226,3.2356620958862976,1635.701566696167
460,14818605,18823,58604,0.0001654141464817743,3.1134250650799555,1544.985894203186
461,14923664,18388,57210,0.00016921021473885388,3.1112682184033065,1555.6726970672607
462,14841326,18100,56152,0.0001714083895236726,3.10232044198895,1566.016767501831
463,14504662,18345,56911,0.0001691159069332678,3.102262196783865,1508.6692714691162
464,14504062,17951,55475,0.00017216474000951833,3.090357083170854,1508.046420097351
465,14383297,18104,55573,0.00016956598990960767,3.0696531153336277,1495.4745769500732
466,14206445,18018,55292,0.00017032297656152903,3.068709068709069,1476.787880897522
467,14151863,17948,54704,0.00016982872916712432,3.04791620236238,1471.4704084396362
468,14369308,17602,53989,0.00017426329593700908,3.067208271787297,1494.5837907791138
469,14016400,17545,53357,0.00017334423878043003,3.0411513251638644,1457.4271230697632
470,14011171,17839,54552,0.0001714328370473375,3.0580189472504062,1455.7338304519653
471,14084934,17687,53636,0.00017146385575742836,3.0325097529258778,1469.684949874878
472,14047893,17663,54079,0.00017335018237654712,3.061710921134575,1460.4788208007812
473,13954368,17995,54922,0.00016961598418638698,3.052070019449847,1463.9683923721313
474,14349305,18128,55545,0.00016903208318711985,3.0640445719329215,1493.3586511611938
475,15594323,19017,60066,0.00016609919840337704,3.158542356838618,1636.7214488983154
476,17475844,19995,66100,0.00016534092510824016,3.3058264566141538,1841.4307041168213
477,18303562,20730,69997,0.0001628927567957873,3.3766039556198746,1928.1422367095947
478,16552310,20454,68648,0.0001640939687812515,3.3562139434829374,1737.8444137573242
479,13469136,18863,59916,0.0001684008606937748,3.17637703440598,1404.8171911239624
480,13309588,17950,54108,0.00016794101393130116,3.014373259052925,1386.2185707092285
481,12979064,17371,51880,0.0001719393690348796,2.9865868401358586,1356.0950651168823
482,12783532,17092,51108,0.0001749558738610461,2.9901708401591387,1332.062162399292
483,12668366,17034,50619,0.0001744639784772683,2.971644945403311,1324.339596748352
484,12678439,16773,49622,0.0001763919103346976,2.9584451201335478,1315.4474067687988
485,12573587,17001,50605,0.0001750935066103378,2.9765896123757427,1304.8127098083496
486,12413985,16766,49243,0.00017519087580104297,2.9370750328044855,1287.8753824234009
487,12335762,16624,48755,0.0001764307278138984,2.932807988450433,1279.696195602417
488,12366123,16329,47563,0.0001783925275618574,2.912793190030008,1283.017159461975
489,12214973,16313,47180,0.00017730332806839907,2.8921718874517257,1267.1547260284424
490,12184699,16664,48500,0.00017466636707123094,2.9104656745079214,1264.3049583435059
491,11992078,16255,47232,0.0001787677222069502,2.9056905567517686,1243.5064735412598
492,12119418,16320,47399,0.000177973557828058,2.9043504901960784,1257.2611560821533
493,12123333,16617,47542,0.0001721862010611555,2.86104591683216,1258.350317955017
494,12449350,16953,49608,0.00017261725760031615,2.9262077508405593,1298.2773342132568
495,13488002,17471,52727,0.00017275172526476698,3.017972640375479,1407.355411529541
496,14813834,18394,57614,0.00017029397201606634,3.132217027291508,1549.6588039398193
497,16009447,19197,62521,0.0001696609168600667,3.2568109600458404,1682.1819791793823
498,14789799,19277,62597,0.00016846013906991747,3.247237640711729,1548.5546979904175
499,11787843,17491,52562,0.00017181751464503888,3.0050883311417302,1223.8621196746826
